Segment,Priority,Name / Search,Company / Parent,Category / Area,LinkedIn URL,Website,Status,Confidence,Notes
Service Provider,A,Justlife,,Cleaning / housekeeping / services marketplace,https://www.linkedin.com/company/justlife/,https://www.justlife.com/ae-en/,Exact LinkedIn company page checked live,High,Research only. No outreach sent. Confirm profile before external message.
Service Provider,A,ServiceMarket,,Services marketplace / provider source,https://www.linkedin.com/company/servicemarket/,https://servicemarket.com/,Exact LinkedIn company page checked live,High,Research only. No outreach sent. Confirm profile before external message.
Service Provider,A,Urban Company,,Home services / cleaning / maintenance,https://www.linkedin.com/company/urbancompany/,https://www.urbancompany.com/dubai,Exact LinkedIn company page checked live,High,Research only. No outreach sent. Confirm profile before external message.
Service Provider,A,Mplus,,Facilities management / maintenance,https://www.linkedin.com/company/mplus/,https://www.mplus.ae/,Exact LinkedIn company page checked live,High,Research only. No outreach sent. Confirm profile before external message.
Service Provider,A,Hitches & Glitches,,Maintenance / technical / handyman,https://www.linkedin.com/company/hitches-and-glitches/,https://www.hitchesandglitches.com/,Exact LinkedIn company page checked live,High,Research only. No outreach sent. Confirm profile before external message.
Service Provider,A,We Will Fix It,,Maintenance / technical / handyman,https://www.linkedin.com/company/wewillfixit/,https://www.wewillfixit.com/,Exact LinkedIn company page checked live,High,Research only. No outreach sent. Confirm profile before external message.
Service Provider,A,Fixperts,,Maintenance / technical / handyman,https://www.linkedin.com/company/fixperts/,,Exact LinkedIn company page checked live,Medium,Research only. No outreach sent. Confirm profile before external message.
Service Provider,A,Transguard Living,,Facilities management / home services,https://www.linkedin.com/company/transguard-living/,https://www.transguardliving.com/,Exact LinkedIn company page checked live,High,Research only. No outreach sent. Confirm profile before external message.
Service Provider,A,The Healthy Home,,Cleaning / indoor health / AC duct / mattress,https://www.linkedin.com/company/the-healthy-home/,https://thehealthyhome.me/,Exact LinkedIn company page checked live,High,Research only. No outreach sent. Confirm profile before external message.
Service Provider,A,Washmen,,Laundry / linen,https://www.linkedin.com/company/washmen/,https://www.washmen.com/,Exact LinkedIn company page checked live,High,Research only. No outreach sent. Confirm profile before external message.
Service Provider,A,Laundryheap,,Laundry / dry cleaning,https://www.linkedin.com/company/laundryheap/,https://www.laundryheap.com/ae/,Exact LinkedIn company page checked live,High,Research only. No outreach sent. Confirm profile before external message.
Service Provider,A,Move One,,Moving / relocation / logistics,https://www.linkedin.com/company/move-one/,https://www.moveoneinc.com/,Exact LinkedIn company page checked live,High,Research only. No outreach sent. Confirm profile before external message.
Service Provider,A,The Box,,Storage / moving / logistics,https://www.linkedin.com/company/the-box/,https://theboxme.com/,Exact LinkedIn company page checked live,High,Research only. No outreach sent. Confirm profile before external message.
Service Provider,A,Zen Interiors,,Interior design / furnishing / styling,https://www.linkedin.com/company/zen-interiors/,https://www.zeninteriors.net/,Exact LinkedIn company page checked live,High,Research only. No outreach sent. Confirm profile before external message.
Service Provider,A,Bishop Design,,Interior design / architecture,https://www.linkedin.com/company/bishop-design/,https://bishopdesign.ae/,Exact LinkedIn company page checked live,High,Research only. No outreach sent. Confirm profile before external message.
Service Provider,A,Designsmith,,Interior design / fit-out,https://www.linkedin.com/company/designsmith/,https://designsmith.ae/,Exact LinkedIn company page checked live,High,Research only. No outreach sent. Confirm profile before external message.
Service Provider,A,Antonovich Group,,Luxury interior design / architecture,https://www.linkedin.com/company/luxury-antonovich-design/,https://antonovich-design.ae/,Exact LinkedIn company page checked live,Medium,Research only. No outreach sent. Confirm profile before external message.
Service Provider,A,Rentokil Boecker,,Pest control / hygiene,https://www.linkedin.com/company/boecker-public-health/,https://www.boecker.com/,Exact LinkedIn company page checked live,High,Research only. No outreach sent. Confirm profile before external message.
Service Provider,A,National Pest Control,,Pest control,https://www.linkedin.com/company/national-pest-control/,https://www.natpest.com/,Exact LinkedIn company page checked live,High,Research only. No outreach sent. Confirm profile before external message.
Service Provider,A,Imdaad,,Facilities management / maintenance,https://www.linkedin.com/company/imdaad/,https://www.imdaad.ae/,Exact LinkedIn company page checked live,High,Research only. No outreach sent. Confirm profile before external message.
Service Provider,A,Dubai Clean,,Cleaning / facilities,https://www.linkedin.com/company/dubai-clean/,,Exact LinkedIn company page checked live,Medium,Research only. No outreach sent. Confirm profile before external message.
Service Provider,A,Maintenance Plus,,Maintenance / technical,https://www.linkedin.com/company/maintenance-plus/,,Exact LinkedIn company page checked live,Medium,Research only. No outreach sent. Confirm profile before external message.
Service Provider,A,Dussmann Gulf,,Facilities management,https://www.linkedin.com/company/dussmann-gulf/,https://www.dussmann.ae/,Exact LinkedIn company page checked live,High,Research only. No outreach sent. Confirm profile before external message.
Service Provider,A,ServeU,,Facilities management,https://www.linkedin.com/company/serve-u/,https://www.serveu.ae/,Exact LinkedIn company page checked live,High,Research only. No outreach sent. Confirm profile before external message.
Service Provider,A,Khansaheb Facilities Management,,Facilities management / technical,https://www.linkedin.com/company/khansaheb-facilities-management/,https://khansahebfm.com/,Exact LinkedIn company page checked live,High,Research only. No outreach sent. Confirm profile before external message.
Service Provider,A,EFS Facilities Services,,Facilities management,https://www.linkedin.com/company/efs-facilities-services-group/,https://efsme.com/,Exact LinkedIn company page checked live,High,Research only. No outreach sent. Confirm profile before external message.
Service Provider,A,Spectrum Services,,Cleaning / maintenance,https://www.linkedin.com/company/spectrum-services/,,Exact LinkedIn company page checked live,Medium,Research only. No outreach sent. Confirm profile before external message.
Service Provider,A,Take My Junk UAE,,Moving / property clearance,https://www.linkedin.com/company/takemyjunkuae/,https://takemyjunkuae.com/,Exact LinkedIn company page checked live,High,Research only. No outreach sent. Confirm profile before external message.
Service Provider,A,SIBCA,,Security / access control / systems,https://www.linkedin.com/company/sibca/,https://www.sibca.com/,Exact LinkedIn company page checked live,High,Research only. No outreach sent. Confirm profile before external message.
Service Provider,A,Al Tamimi & Company,,Real estate law / legal,https://www.linkedin.com/company/al-tamimi-&-company/,https://www.tamimi.com/,Exact LinkedIn company page checked live,High,Research only. No outreach sent. Confirm profile before external message.
Service Provider,B,Holo,,Mortgage / finance,https://www.linkedin.com/company/holohome/,https://www.useholo.com/,Exact LinkedIn company page checked live,High,Research only. No outreach sent. Confirm profile before external message.
Service Provider,B,Mortgage Finder,,Mortgage / finance,https://www.linkedin.com/company/mortgage-finder/,https://www.mortgagefinder.ae/,Exact LinkedIn company page checked live,High,Research only. No outreach sent. Confirm profile before external message.
Service Provider,B,ValuStrat,,Valuation / advisory,https://www.linkedin.com/company/valustrat/,https://valustrat.com/,Exact LinkedIn company page checked live,High,Research only. No outreach sent. Confirm profile before external message.
Service Provider,B,Cavendish Maxwell,,Valuation / consultancy / inspection,https://www.linkedin.com/company/cavendish-maxwell/,https://cavendishmaxwell.com/,Exact LinkedIn company page checked live,High,Research only. No outreach sent. Confirm profile before external message.
Service Provider,B,Creative Zone,,Business setup / PRO / licensing,https://www.linkedin.com/company/creative-zone/,https://www.creativezone.ae/,Exact LinkedIn company page checked live,High,Research only. No outreach sent. Confirm profile before external message.
Service Provider,B,Virtuzone,,Business setup / PRO / licensing,https://www.linkedin.com/company/virtuzone/,https://virtuzone.com/,Exact LinkedIn company page checked live,High,Research only. No outreach sent. Confirm profile before external message.
Service Provider,B,GuestReady,,STR operator / guest operations benchmark,https://www.linkedin.com/company/guestready/,https://www.guestready.com/,Exact LinkedIn company page checked live,High,Research only. No outreach sent. Confirm profile before external message.
Service Provider,B,Maison Privee,,STR operator / guest operations benchmark,https://www.linkedin.com/company/maison-privee/,https://www.maisonprivee.ae/,Exact LinkedIn company page checked live,High,Research only. No outreach sent. Confirm profile before external message.
Service Provider,B,Hostaway,,PMS / technology provider,https://www.linkedin.com/company/hostaway/,https://www.hostaway.com/,Exact LinkedIn company page checked live,High,Research only. No outreach sent. Confirm profile before external message.
Service Provider,B,PriceLabs,,Revenue management / dynamic pricing,https://www.linkedin.com/company/pricelabs/,https://hello.pricelabs.co/,Exact LinkedIn company page checked live,High,Research only. No outreach sent. Confirm profile before external message.
Service Provider,B,Guesty,,PMS / technology provider,https://www.linkedin.com/company/guesty/,https://www.guesty.com/,Exact LinkedIn company page checked live,High,Research only. No outreach sent. Confirm profile before external message.
Service Provider,B,SiteMinder,,Channel management / hotel tech,https://www.linkedin.com/company/siteminder/,https://www.siteminder.com/,Exact LinkedIn company page checked live,High,Research only. No outreach sent. Confirm profile before external message.
Service Provider,B,AirDNA,,STR market data,https://www.linkedin.com/company/airdna/,https://www.airdna.co/,Exact LinkedIn company page checked live,High,Research only. No outreach sent. Confirm profile before external message.
Service Provider,B,Tadbeer,,Tadbeer / domestic worker services,https://www.linkedin.com/company/tadbeer/,https://tadbeer.gov.ae/,Exact LinkedIn company page checked live,Medium,Research only. No outreach sent. Confirm profile before external message.
Service Provider,B,Silkhaus,,Short-term rental operator / flexible living,https://www.linkedin.com/company/silkhaus/,https://www.silkhaus.com/,Exact LinkedIn company page checked live,High,Research only. No outreach sent. Confirm profile before external message.
Service Provider,B,Blueground,,Flexible living / furnished apartments,https://www.linkedin.com/company/blueground-co/,https://www.theblueground.com/,Exact LinkedIn company page checked live,High,Research only. No outreach sent. Confirm profile before external message.
Service Provider,B,Farnek,,Facilities management,https://www.linkedin.com/search/results/companies/?keywords=Farnek%20Dubai%20UAE,,"LinkedIn company search route, exact page not yet confirmed",Route,Research only. No outreach sent. Confirm profile before external message.
Service Provider,B,Emrill Services,,Facilities management,https://www.linkedin.com/search/results/companies/?keywords=Emrill%20Services%20Dubai%20UAE,,"LinkedIn company search route, exact page not yet confirmed",Route,Research only. No outreach sent. Confirm profile before external message.
Service Provider,B,Ejadah,,Facilities management,https://www.linkedin.com/search/results/companies/?keywords=Ejadah%20Dubai%20UAE,,"LinkedIn company search route, exact page not yet confirmed",Route,Research only. No outreach sent. Confirm profile before external message.
Service Provider,B,Tafawuq Facilities Management,,Facilities management,https://www.linkedin.com/search/results/companies/?keywords=Tafawuq%20Facilities%20Management%20Dubai%20UAE,,"LinkedIn company search route, exact page not yet confirmed",Route,Research only. No outreach sent. Confirm profile before external message.
Service Provider,B,Enova by Veolia,,Facilities management,https://www.linkedin.com/search/results/companies/?keywords=Enova%20by%20Veolia%20Dubai%20UAE,,"LinkedIn company search route, exact page not yet confirmed",Route,Research only. No outreach sent. Confirm profile before external message.
Service Provider,B,ENGIE Solutions Middle East,,Facilities management,https://www.linkedin.com/search/results/companies/?keywords=ENGIE%20Solutions%20Middle%20East%20Dubai%20UAE,,"LinkedIn company search route, exact page not yet confirmed",Route,Research only. No outreach sent. Confirm profile before external message.
Service Provider,B,Al Shirawi Facilities Management,,Facilities management,https://www.linkedin.com/search/results/companies/?keywords=Al%20Shirawi%20Facilities%20Management%20Dubai%20UAE,,"LinkedIn company search route, exact page not yet confirmed",Route,Research only. No outreach sent. Confirm profile before external message.
Service Provider,B,Concordia DMCC,,Facilities management,https://www.linkedin.com/search/results/companies/?keywords=Concordia%20DMCC%20Dubai%20UAE,,"LinkedIn company search route, exact page not yet confirmed",Route,Research only. No outreach sent. Confirm profile before external message.
Service Provider,B,Berkeley Services UAE,,Facilities management,https://www.linkedin.com/search/results/companies/?keywords=Berkeley%20Services%20UAE%20Dubai%20UAE,,"LinkedIn company search route, exact page not yet confirmed",Route,Research only. No outreach sent. Confirm profile before external message.
Service Provider,B,Blue Diamond Facilities Management,,Facilities management,https://www.linkedin.com/search/results/companies/?keywords=Blue%20Diamond%20Facilities%20Management%20Dubai%20UAE,,"LinkedIn company search route, exact page not yet confirmed",Route,Research only. No outreach sent. Confirm profile before external message.
Service Provider,B,Adeeb Group,,Maintenance / technical,https://www.linkedin.com/search/results/companies/?keywords=Adeeb%20Group%20Dubai%20UAE,,"LinkedIn company search route, exact page not yet confirmed",Route,Research only. No outreach sent. Confirm profile before external message.
Service Provider,B,HomeGenie,,Maintenance / technical,https://www.linkedin.com/search/results/companies/?keywords=HomeGenie%20Dubai%20UAE,,"LinkedIn company search route, exact page not yet confirmed",Route,Research only. No outreach sent. Confirm profile before external message.
Service Provider,B,Mr Usta,,Maintenance / technical,https://www.linkedin.com/search/results/companies/?keywords=Mr%20Usta%20Dubai%20UAE,,"LinkedIn company search route, exact page not yet confirmed",Route,Research only. No outreach sent. Confirm profile before external message.
Service Provider,B,Yalla Fix It,,Maintenance / technical,https://www.linkedin.com/search/results/companies/?keywords=Yalla%20Fix%20It%20Dubai%20UAE,,"LinkedIn company search route, exact page not yet confirmed",Route,Research only. No outreach sent. Confirm profile before external message.
Service Provider,B,Dubai Repairs,,Maintenance / technical,https://www.linkedin.com/search/results/companies/?keywords=Dubai%20Repairs%20Dubai%20UAE,,"LinkedIn company search route, exact page not yet confirmed",Route,Research only. No outreach sent. Confirm profile before external message.
Service Provider,B,Tool Time UAE,,Maintenance / technical,https://www.linkedin.com/search/results/companies/?keywords=Tool%20Time%20UAE%20Dubai%20UAE,,"LinkedIn company search route, exact page not yet confirmed",Route,Research only. No outreach sent. Confirm profile before external message.
Service Provider,B,White Spot Cleaning Services,,Cleaning,https://www.linkedin.com/search/results/companies/?keywords=White%20Spot%20Cleaning%20Services%20Dubai%20UAE,,"LinkedIn company search route, exact page not yet confirmed",Route,Research only. No outreach sent. Confirm profile before external message.
Service Provider,B,BusyBees Dubai,,Cleaning,https://www.linkedin.com/search/results/companies/?keywords=BusyBees%20Dubai%20Dubai%20UAE,,"LinkedIn company search route, exact page not yet confirmed",Route,Research only. No outreach sent. Confirm profile before external message.
Service Provider,B,Spring Cleaning Services Dubai,,Cleaning,https://www.linkedin.com/search/results/companies/?keywords=Spring%20Cleaning%20Services%20Dubai%20Dubai%20UAE,,"LinkedIn company search route, exact page not yet confirmed",Route,Research only. No outreach sent. Confirm profile before external message.
Service Provider,B,Mangrove Services,,Cleaning,https://www.linkedin.com/search/results/companies/?keywords=Mangrove%20Services%20Dubai%20UAE,,"LinkedIn company search route, exact page not yet confirmed",Route,Research only. No outreach sent. Confirm profile before external message.
Service Provider,B,Plus Point Cleaning Services,,Cleaning,https://www.linkedin.com/search/results/companies/?keywords=Plus%20Point%20Cleaning%20Services%20Dubai%20UAE,,"LinkedIn company search route, exact page not yet confirmed",Route,Research only. No outreach sent. Confirm profile before external message.
Service Provider,B,Perfect Maids Cleaning Services,,Cleaning,https://www.linkedin.com/search/results/companies/?keywords=Perfect%20Maids%20Cleaning%20Services%20Dubai%20UAE,,"LinkedIn company search route, exact page not yet confirmed",Route,Research only. No outreach sent. Confirm profile before external message.
Service Provider,B,Matic Services,,Cleaning,https://www.linkedin.com/search/results/companies/?keywords=Matic%20Services%20Dubai%20UAE,,"LinkedIn company search route, exact page not yet confirmed",Route,Research only. No outreach sent. Confirm profile before external message.
Service Provider,B,MaidFinder,,Cleaning,https://www.linkedin.com/search/results/companies/?keywords=MaidFinder%20Dubai%20UAE,,"LinkedIn company search route, exact page not yet confirmed",Route,Research only. No outreach sent. Confirm profile before external message.
Service Provider,C,Maids.cc,,Cleaning,https://www.linkedin.com/search/results/companies/?keywords=Maids.cc%20Dubai%20UAE,,"LinkedIn company search route, exact page not yet confirmed",Route,Research only. No outreach sent. Confirm profile before external message.
Service Provider,C,The Laundry Press,,Laundry / linen,https://www.linkedin.com/search/results/companies/?keywords=The%20Laundry%20Press%20Dubai%20UAE,,"LinkedIn company search route, exact page not yet confirmed",Route,Research only. No outreach sent. Confirm profile before external message.
Service Provider,C,Champion Cleaners,,Laundry / linen,https://www.linkedin.com/search/results/companies/?keywords=Champion%20Cleaners%20Dubai%20UAE,,"LinkedIn company search route, exact page not yet confirmed",Route,Research only. No outreach sent. Confirm profile before external message.
Service Provider,C,5asec UAE,,Laundry / linen,https://www.linkedin.com/search/results/companies/?keywords=5asec%20UAE%20Dubai%20UAE,,"LinkedIn company search route, exact page not yet confirmed",Route,Research only. No outreach sent. Confirm profile before external message.
Service Provider,C,Whites Laundry,,Laundry / linen,https://www.linkedin.com/search/results/companies/?keywords=Whites%20Laundry%20Dubai%20UAE,,"LinkedIn company search route, exact page not yet confirmed",Route,Research only. No outreach sent. Confirm profile before external message.
Service Provider,C,Jeeves Dry Cleaners,,Laundry / linen,https://www.linkedin.com/search/results/companies/?keywords=Jeeves%20Dry%20Cleaners%20Dubai%20UAE,,"LinkedIn company search route, exact page not yet confirmed",Route,Research only. No outreach sent. Confirm profile before external message.
Service Provider,C,Image Laundry,,Laundry / linen,https://www.linkedin.com/search/results/companies/?keywords=Image%20Laundry%20Dubai%20UAE,,"LinkedIn company search route, exact page not yet confirmed",Route,Research only. No outreach sent. Confirm profile before external message.
Service Provider,C,Sedar Global,,Curtains / blinds,https://www.linkedin.com/search/results/companies/?keywords=Sedar%20Global%20Dubai%20UAE,,"LinkedIn company search route, exact page not yet confirmed",Route,Research only. No outreach sent. Confirm profile before external message.
Service Provider,C,Royal Blinds LLC,,Curtains / blinds,https://www.linkedin.com/search/results/companies/?keywords=Royal%20Blinds%20LLC%20Dubai%20UAE,,"LinkedIn company search route, exact page not yet confirmed",Route,Research only. No outreach sent. Confirm profile before external message.
Service Provider,C,Desert Group,,Landscaping,https://www.linkedin.com/search/results/companies/?keywords=Desert%20Group%20Dubai%20UAE,,"LinkedIn company search route, exact page not yet confirmed",Route,Research only. No outreach sent. Confirm profile before external message.
Service Provider,C,Green Glades Landscaping,,Landscaping,https://www.linkedin.com/search/results/companies/?keywords=Green%20Glades%20Landscaping%20Dubai%20UAE,,"LinkedIn company search route, exact page not yet confirmed",Route,Research only. No outreach sent. Confirm profile before external message.
Service Provider,C,KCJ Landscaping,,Landscaping,https://www.linkedin.com/search/results/companies/?keywords=KCJ%20Landscaping%20Dubai%20UAE,,"LinkedIn company search route, exact page not yet confirmed",Route,Research only. No outreach sent. Confirm profile before external message.
Service Provider,C,Pool Masters Dubai,,Pool maintenance,https://www.linkedin.com/search/results/companies/?keywords=Pool%20Masters%20Dubai%20Dubai%20UAE,,"LinkedIn company search route, exact page not yet confirmed",Route,Research only. No outreach sent. Confirm profile before external message.
Service Provider,C,Al Hajjaj Pest Control,,Pest control,https://www.linkedin.com/search/results/companies/?keywords=Al%20Hajjaj%20Pest%20Control%20Dubai%20UAE,,"LinkedIn company search route, exact page not yet confirmed",Route,Research only. No outreach sent. Confirm profile before external message.
Service Provider,C,Ridapest,,Pest control,https://www.linkedin.com/search/results/companies/?keywords=Ridapest%20Dubai%20UAE,,"LinkedIn company search route, exact page not yet confirmed",Route,Research only. No outreach sent. Confirm profile before external message.
Service Provider,C,Pestokill Pest Control,,Pest control,https://www.linkedin.com/search/results/companies/?keywords=Pestokill%20Pest%20Control%20Dubai%20UAE,,"LinkedIn company search route, exact page not yet confirmed",Route,Research only. No outreach sent. Confirm profile before external message.
Service Provider,C,Accurate Pest Control,,Pest control,https://www.linkedin.com/search/results/companies/?keywords=Accurate%20Pest%20Control%20Dubai%20UAE,,"LinkedIn company search route, exact page not yet confirmed",Route,Research only. No outreach sent. Confirm profile before external message.
Service Provider,C,Cleanwell Pest Control,,Pest control,https://www.linkedin.com/search/results/companies/?keywords=Cleanwell%20Pest%20Control%20Dubai%20UAE,,"LinkedIn company search route, exact page not yet confirmed",Route,Research only. No outreach sent. Confirm profile before external message.
Service Provider,C,E-Movers UAE,,Moving / relocation,https://www.linkedin.com/search/results/companies/?keywords=E-Movers%20UAE%20Dubai%20UAE,,"LinkedIn company search route, exact page not yet confirmed",Route,Research only. No outreach sent. Confirm profile before external message.
Service Provider,C,EasyTruck Moving & Storage,,Moving / relocation,https://www.linkedin.com/search/results/companies/?keywords=EasyTruck%20Moving%20%26%20Storage%20Dubai%20UAE,,"LinkedIn company search route, exact page not yet confirmed",Route,Research only. No outreach sent. Confirm profile before external message.
Service Provider,C,Delight International Movers,,Moving / relocation,https://www.linkedin.com/search/results/companies/?keywords=Delight%20International%20Movers%20Dubai%20UAE,,"LinkedIn company search route, exact page not yet confirmed",Route,Research only. No outreach sent. Confirm profile before external message.
Service Provider,C,Allied Pickfords UAE,,Moving / relocation,https://www.linkedin.com/search/results/companies/?keywords=Allied%20Pickfords%20UAE%20Dubai%20UAE,,"LinkedIn company search route, exact page not yet confirmed",Route,Research only. No outreach sent. Confirm profile before external message.
Service Provider,C,Writer Relocations,,Moving / relocation,https://www.linkedin.com/search/results/companies/?keywords=Writer%20Relocations%20Dubai%20UAE,,"LinkedIn company search route, exact page not yet confirmed",Route,Research only. No outreach sent. Confirm profile before external message.
Service Provider,C,ISS Relocations,,Moving / relocation,https://www.linkedin.com/search/results/companies/?keywords=ISS%20Relocations%20Dubai%20UAE,,"LinkedIn company search route, exact page not yet confirmed",Route,Research only. No outreach sent. Confirm profile before external message.
Service Provider,C,Santa Fe Relocation UAE,,Moving / relocation,https://www.linkedin.com/search/results/companies/?keywords=Santa%20Fe%20Relocation%20UAE%20Dubai%20UAE,,"LinkedIn company search route, exact page not yet confirmed",Route,Research only. No outreach sent. Confirm profile before external message.
Service Provider,C,Crown Relocations UAE,,Moving / relocation,https://www.linkedin.com/search/results/companies/?keywords=Crown%20Relocations%20UAE%20Dubai%20UAE,,"LinkedIn company search route, exact page not yet confirmed",Route,Research only. No outreach sent. Confirm profile before external message.
Service Provider,C,Trukker,,Moving / relocation,https://www.linkedin.com/search/results/companies/?keywords=Trukker%20Dubai%20UAE,,"LinkedIn company search route, exact page not yet confirmed",Route,Research only. No outreach sent. Confirm profile before external message.
Service Provider,C,Danube Home,,Furniture / furnishing,https://www.linkedin.com/search/results/companies/?keywords=Danube%20Home%20Dubai%20UAE,,"LinkedIn company search route, exact page not yet confirmed",Route,Research only. No outreach sent. Confirm profile before external message.
Service Provider,C,Home Centre UAE,,Furniture / furnishing,https://www.linkedin.com/search/results/companies/?keywords=Home%20Centre%20UAE%20Dubai%20UAE,,"LinkedIn company search route, exact page not yet confirmed",Route,Research only. No outreach sent. Confirm profile before external message.
Service Provider,C,PAN Emirates,,Furniture / furnishing,https://www.linkedin.com/search/results/companies/?keywords=PAN%20Emirates%20Dubai%20UAE,,"LinkedIn company search route, exact page not yet confirmed",Route,Research only. No outreach sent. Confirm profile before external message.
Real Estate Agency,A,Betterhomes,,Real estate agency / brokerage,https://www.linkedin.com/search/results/companies/?keywords=Betterhomes%20Dubai%20UAE,,"LinkedIn company search route, exact page to confirm before outbound",Route,Research only. No outreach sent. Confirm profile before external message.
Real Estate Agency,A,Allsopp & Allsopp,,Real estate agency / brokerage,https://www.linkedin.com/search/results/companies/?keywords=Allsopp%20%26%20Allsopp%20Dubai%20UAE,,"LinkedIn company search route, exact page to confirm before outbound",Route,Research only. No outreach sent. Confirm profile before external message.
Real Estate Agency,A,Dacha Real Estate,,Real estate agency / brokerage,https://www.linkedin.com/search/results/companies/?keywords=Dacha%20Real%20Estate%20Dubai%20UAE,,"LinkedIn company search route, exact page to confirm before outbound",Route,Research only. No outreach sent. Confirm profile before external message.
Real Estate Agency,A,haus & haus,,Real estate agency / brokerage,https://www.linkedin.com/search/results/companies/?keywords=haus%20%26%20haus%20Dubai%20UAE,,"LinkedIn company search route, exact page to confirm before outbound",Route,Research only. No outreach sent. Confirm profile before external message.
Real Estate Agency,A,McCone Properties,,Real estate agency / brokerage,https://www.linkedin.com/search/results/companies/?keywords=McCone%20Properties%20Dubai%20UAE,,"LinkedIn company search route, exact page to confirm before outbound",Route,Research only. No outreach sent. Confirm profile before external message.
Real Estate Agency,A,Driven Properties,,Real estate agency / brokerage,https://www.linkedin.com/search/results/companies/?keywords=Driven%20Properties%20Dubai%20UAE,,"LinkedIn company search route, exact page to confirm before outbound",Route,Research only. No outreach sent. Confirm profile before external message.
Real Estate Agency,A,fam Properties,,Real estate agency / brokerage,https://www.linkedin.com/search/results/companies/?keywords=fam%20Properties%20Dubai%20UAE,,"LinkedIn company search route, exact page to confirm before outbound",Route,Research only. No outreach sent. Confirm profile before external message.
Real Estate Agency,A,Provident Real Estate,,Real estate agency / brokerage,https://www.linkedin.com/search/results/companies/?keywords=Provident%20Real%20Estate%20Dubai%20UAE,,"LinkedIn company search route, exact page to confirm before outbound",Route,Research only. No outreach sent. Confirm profile before external message.
Real Estate Agency,A,Espace Real Estate,,Real estate agency / brokerage,https://www.linkedin.com/search/results/companies/?keywords=Espace%20Real%20Estate%20Dubai%20UAE,,"LinkedIn company search route, exact page to confirm before outbound",Route,Research only. No outreach sent. Confirm profile before external message.
Real Estate Agency,A,White & Co Real Estate,,Real estate agency / brokerage,https://www.linkedin.com/search/results/companies/?keywords=White%20%26%20Co%20Real%20Estate%20Dubai%20UAE,,"LinkedIn company search route, exact page to confirm before outbound",Route,Research only. No outreach sent. Confirm profile before external message.
Real Estate Agency,A,Treo Homes,,Real estate agency / brokerage,https://www.linkedin.com/search/results/companies/?keywords=Treo%20Homes%20Dubai%20UAE,,"LinkedIn company search route, exact page to confirm before outbound",Route,Research only. No outreach sent. Confirm profile before external message.
Real Estate Agency,A,AQUA Properties,,Real estate agency / brokerage,https://www.linkedin.com/search/results/companies/?keywords=AQUA%20Properties%20Dubai%20UAE,,"LinkedIn company search route, exact page to confirm before outbound",Route,Research only. No outreach sent. Confirm profile before external message.
Real Estate Agency,A,Engel & Voelkers Dubai,,Real estate agency / brokerage,https://www.linkedin.com/search/results/companies/?keywords=Engel%20%26%20Voelkers%20Dubai%20Dubai%20UAE,,"LinkedIn company search route, exact page to confirm before outbound",Route,Research only. No outreach sent. Confirm profile before external message.
Real Estate Agency,A,Luxhabitat Sotheby’s International Realty,,Real estate agency / brokerage,https://www.linkedin.com/search/results/companies/?keywords=Luxhabitat%20Sotheby%E2%80%99s%20International%20Realty%20Dubai%20UAE,,"LinkedIn company search route, exact page to confirm before outbound",Route,Research only. No outreach sent. Confirm profile before external message.
Real Estate Agency,A,Gulf Sotheby’s International Realty,,Real estate agency / brokerage,https://www.linkedin.com/search/results/companies/?keywords=Gulf%20Sotheby%E2%80%99s%20International%20Realty%20Dubai%20UAE,,"LinkedIn company search route, exact page to confirm before outbound",Route,Research only. No outreach sent. Confirm profile before external message.
Real Estate Agency,A,Christie’s International Real Estate Dubai,,Real estate agency / brokerage,https://www.linkedin.com/search/results/companies/?keywords=Christie%E2%80%99s%20International%20Real%20Estate%20Dubai%20Dubai%20UAE,,"LinkedIn company search route, exact page to confirm before outbound",Route,Research only. No outreach sent. Confirm profile before external message.
Real Estate Agency,A,Knight Frank MENA,,Real estate agency / brokerage,https://www.linkedin.com/search/results/companies/?keywords=Knight%20Frank%20MENA%20Dubai%20UAE,,"LinkedIn company search route, exact page to confirm before outbound",Route,Research only. No outreach sent. Confirm profile before external message.
Real Estate Agency,A,Savills Middle East,,Real estate agency / brokerage,https://www.linkedin.com/search/results/companies/?keywords=Savills%20Middle%20East%20Dubai%20UAE,,"LinkedIn company search route, exact page to confirm before outbound",Route,Research only. No outreach sent. Confirm profile before external message.
Real Estate Agency,A,Core Real Estate,,Real estate agency / brokerage,https://www.linkedin.com/search/results/companies/?keywords=Core%20Real%20Estate%20Dubai%20UAE,,"LinkedIn company search route, exact page to confirm before outbound",Route,Research only. No outreach sent. Confirm profile before external message.
Real Estate Agency,A,Chestertons MENA,,Real estate agency / brokerage,https://www.linkedin.com/search/results/companies/?keywords=Chestertons%20MENA%20Dubai%20UAE,,"LinkedIn company search route, exact page to confirm before outbound",Route,Research only. No outreach sent. Confirm profile before external message.
Real Estate Agency,A,Hamptons International Dubai,,Real estate agency / brokerage,https://www.linkedin.com/search/results/companies/?keywords=Hamptons%20International%20Dubai%20Dubai%20UAE,,"LinkedIn company search route, exact page to confirm before outbound",Route,Research only. No outreach sent. Confirm profile before external message.
Real Estate Agency,A,Metropolitan Premium Properties,,Real estate agency / brokerage,https://www.linkedin.com/search/results/companies/?keywords=Metropolitan%20Premium%20Properties%20Dubai%20UAE,,"LinkedIn company search route, exact page to confirm before outbound",Route,Research only. No outreach sent. Confirm profile before external message.
Real Estate Agency,A,Bayut,,Real estate agency / brokerage,https://www.linkedin.com/search/results/companies/?keywords=Bayut%20Dubai%20UAE,,"LinkedIn company search route, exact page to confirm before outbound",Route,Research only. No outreach sent. Confirm profile before external message.
Real Estate Agency,A,Property Finder,,Real estate agency / brokerage,https://www.linkedin.com/search/results/companies/?keywords=Property%20Finder%20Dubai%20UAE,,"LinkedIn company search route, exact page to confirm before outbound",Route,Research only. No outreach sent. Confirm profile before external message.
Real Estate Agency,A,Dubizzle Property,,Real estate agency / brokerage,https://www.linkedin.com/search/results/companies/?keywords=Dubizzle%20Property%20Dubai%20UAE,,"LinkedIn company search route, exact page to confirm before outbound",Route,Research only. No outreach sent. Confirm profile before external message.
Real Estate Agency,A,Texture Properties,,Real estate agency / brokerage,https://www.linkedin.com/search/results/companies/?keywords=Texture%20Properties%20Dubai%20UAE,,"LinkedIn company search route, exact page to confirm before outbound",Route,Research only. No outreach sent. Confirm profile before external message.
Real Estate Agency,A,Stone Bridge Real Estate,,Real estate agency / brokerage,https://www.linkedin.com/search/results/companies/?keywords=Stone%20Bridge%20Real%20Estate%20Dubai%20UAE,,"LinkedIn company search route, exact page to confirm before outbound",Route,Research only. No outreach sent. Confirm profile before external message.
Real Estate Agency,A,Tereza Estates,,Real estate agency / brokerage,https://www.linkedin.com/search/results/companies/?keywords=Tereza%20Estates%20Dubai%20UAE,,"LinkedIn company search route, exact page to confirm before outbound",Route,Research only. No outreach sent. Confirm profile before external message.
Real Estate Agency,A,Top Priority Real Estate,,Real estate agency / brokerage,https://www.linkedin.com/search/results/companies/?keywords=Top%20Priority%20Real%20Estate%20Dubai%20UAE,,"LinkedIn company search route, exact page to confirm before outbound",Route,Research only. No outreach sent. Confirm profile before external message.
Real Estate Agency,A,Elysian Real Estate,,Real estate agency / brokerage,https://www.linkedin.com/search/results/companies/?keywords=Elysian%20Real%20Estate%20Dubai%20UAE,,"LinkedIn company search route, exact page to confirm before outbound",Route,Research only. No outreach sent. Confirm profile before external message.
Real Estate Agency,B,Atomic Properties,,Real estate agency / brokerage,https://www.linkedin.com/search/results/companies/?keywords=Atomic%20Properties%20Dubai%20UAE,,"LinkedIn company search route, exact page to confirm before outbound",Route,Research only. No outreach sent. Confirm profile before external message.
Real Estate Agency,B,HMS Homes,,Real estate agency / brokerage,https://www.linkedin.com/search/results/companies/?keywords=HMS%20Homes%20Dubai%20UAE,,"LinkedIn company search route, exact page to confirm before outbound",Route,Research only. No outreach sent. Confirm profile before external message.
Real Estate Agency,B,Nexus Point Real Estate,,Real estate agency / brokerage,https://www.linkedin.com/search/results/companies/?keywords=Nexus%20Point%20Real%20Estate%20Dubai%20UAE,,"LinkedIn company search route, exact page to confirm before outbound",Route,Research only. No outreach sent. Confirm profile before external message.
Real Estate Agency,B,Paragon Properties,,Real estate agency / brokerage,https://www.linkedin.com/search/results/companies/?keywords=Paragon%20Properties%20Dubai%20UAE,,"LinkedIn company search route, exact page to confirm before outbound",Route,Research only. No outreach sent. Confirm profile before external message.
Real Estate Agency,B,Exclusive Links Real Estate,,Real estate agency / brokerage,https://www.linkedin.com/search/results/companies/?keywords=Exclusive%20Links%20Real%20Estate%20Dubai%20UAE,,"LinkedIn company search route, exact page to confirm before outbound",Route,Research only. No outreach sent. Confirm profile before external message.
Real Estate Agency,B,Linda’s Real Estate,,Real estate agency / brokerage,https://www.linkedin.com/search/results/companies/?keywords=Linda%E2%80%99s%20Real%20Estate%20Dubai%20UAE,,"LinkedIn company search route, exact page to confirm before outbound",Route,Research only. No outreach sent. Confirm profile before external message.
Real Estate Agency,B,Springfield Real Estate,,Real estate agency / brokerage,https://www.linkedin.com/search/results/companies/?keywords=Springfield%20Real%20Estate%20Dubai%20UAE,,"LinkedIn company search route, exact page to confirm before outbound",Route,Research only. No outreach sent. Confirm profile before external message.
Real Estate Agency,B,Union Square House Real Estate,,Real estate agency / brokerage,https://www.linkedin.com/search/results/companies/?keywords=Union%20Square%20House%20Real%20Estate%20Dubai%20UAE,,"LinkedIn company search route, exact page to confirm before outbound",Route,Research only. No outreach sent. Confirm profile before external message.
Real Estate Agency,B,Homes 4 Life Real Estate,,Real estate agency / brokerage,https://www.linkedin.com/search/results/companies/?keywords=Homes%204%20Life%20Real%20Estate%20Dubai%20UAE,,"LinkedIn company search route, exact page to confirm before outbound",Route,Research only. No outreach sent. Confirm profile before external message.
Real Estate Agency,B,Coldwell Banker UAE,,Real estate agency / brokerage,https://www.linkedin.com/search/results/companies/?keywords=Coldwell%20Banker%20UAE%20Dubai%20UAE,,"LinkedIn company search route, exact page to confirm before outbound",Route,Research only. No outreach sent. Confirm profile before external message.
Real Estate Agency,B,D&B Properties,,Real estate agency / brokerage,https://www.linkedin.com/search/results/companies/?keywords=D%26B%20Properties%20Dubai%20UAE,,"LinkedIn company search route, exact page to confirm before outbound",Route,Research only. No outreach sent. Confirm profile before external message.
Real Estate Agency,B,Aeon & Trisl Real Estate,,Real estate agency / brokerage,https://www.linkedin.com/search/results/companies/?keywords=Aeon%20%26%20Trisl%20Real%20Estate%20Dubai%20UAE,,"LinkedIn company search route, exact page to confirm before outbound",Route,Research only. No outreach sent. Confirm profile before external message.
Real Estate Agency,B,Harbor Real Estate,,Real estate agency / brokerage,https://www.linkedin.com/search/results/companies/?keywords=Harbor%20Real%20Estate%20Dubai%20UAE,,"LinkedIn company search route, exact page to confirm before outbound",Route,Research only. No outreach sent. Confirm profile before external message.
Real Estate Agency,B,MNA Properties,,Real estate agency / brokerage,https://www.linkedin.com/search/results/companies/?keywords=MNA%20Properties%20Dubai%20UAE,,"LinkedIn company search route, exact page to confirm before outbound",Route,Research only. No outreach sent. Confirm profile before external message.
Real Estate Agency,B,Morgans International Realty,,Real estate agency / brokerage,https://www.linkedin.com/search/results/companies/?keywords=Morgans%20International%20Realty%20Dubai%20UAE,,"LinkedIn company search route, exact page to confirm before outbound",Route,Research only. No outreach sent. Confirm profile before external message.
Real Estate Agency,B,LUXFolio Real Estate,,Real estate agency / brokerage,https://www.linkedin.com/search/results/companies/?keywords=LUXFolio%20Real%20Estate%20Dubai%20UAE,,"LinkedIn company search route, exact page to confirm before outbound",Route,Research only. No outreach sent. Confirm profile before external message.
Real Estate Agency,B,Keller Williams Real Estate Dubai,,Real estate agency / brokerage,https://www.linkedin.com/search/results/companies/?keywords=Keller%20Williams%20Real%20Estate%20Dubai%20Dubai%20UAE,,"LinkedIn company search route, exact page to confirm before outbound",Route,Research only. No outreach sent. Confirm profile before external message.
Real Estate Agency,B,Reap Real Estate Brokers,,Real estate agency / brokerage,https://www.linkedin.com/search/results/companies/?keywords=Reap%20Real%20Estate%20Brokers%20Dubai%20UAE,,"LinkedIn company search route, exact page to confirm before outbound",Route,Research only. No outreach sent. Confirm profile before external message.
Real Estate Agency,B,Berkshire Hathaway HomeServices Gulf Properties,,Real estate agency / brokerage,https://www.linkedin.com/search/results/companies/?keywords=Berkshire%20Hathaway%20HomeServices%20Gulf%20Properties%20Dubai%20UAE,,"LinkedIn company search route, exact page to confirm before outbound",Route,Research only. No outreach sent. Confirm profile before external message.
Real Estate Agency,B,Tanmia Real Estate,,Real estate agency / brokerage,https://www.linkedin.com/search/results/companies/?keywords=Tanmia%20Real%20Estate%20Dubai%20UAE,,"LinkedIn company search route, exact page to confirm before outbound",Route,Research only. No outreach sent. Confirm profile before external message.
Real Estate Agency,B,Vibgyor Real Estate,,Real estate agency / brokerage,https://www.linkedin.com/search/results/companies/?keywords=Vibgyor%20Real%20Estate%20Dubai%20UAE,,"LinkedIn company search route, exact page to confirm before outbound",Route,Research only. No outreach sent. Confirm profile before external message.
Real Estate Agency,B,Patriot Real Estate,,Real estate agency / brokerage,https://www.linkedin.com/search/results/companies/?keywords=Patriot%20Real%20Estate%20Dubai%20UAE,,"LinkedIn company search route, exact page to confirm before outbound",Route,Research only. No outreach sent. Confirm profile before external message.
Real Estate Agency,B,Bluechip Real Estate,,Real estate agency / brokerage,https://www.linkedin.com/search/results/companies/?keywords=Bluechip%20Real%20Estate%20Dubai%20UAE,,"LinkedIn company search route, exact page to confirm before outbound",Route,Research only. No outreach sent. Confirm profile before external message.
Real Estate Agency,B,Rocky Real Estate,,Real estate agency / brokerage,https://www.linkedin.com/search/results/companies/?keywords=Rocky%20Real%20Estate%20Dubai%20UAE,,"LinkedIn company search route, exact page to confirm before outbound",Route,Research only. No outreach sent. Confirm profile before external message.
Real Estate Agency,B,Al Habtoor Properties,,Real estate agency / brokerage,https://www.linkedin.com/search/results/companies/?keywords=Al%20Habtoor%20Properties%20Dubai%20UAE,,"LinkedIn company search route, exact page to confirm before outbound",Route,Research only. No outreach sent. Confirm profile before external message.
Real Estate Agency,B,D&B Dubai Real Estate,,Real estate agency / brokerage,https://www.linkedin.com/search/results/companies/?keywords=D%26B%20Dubai%20Real%20Estate%20Dubai%20UAE,,"LinkedIn company search route, exact page to confirm before outbound",Route,Research only. No outreach sent. Confirm profile before external message.
Real Estate Agency,B,Artha Realty,,Real estate agency / brokerage,https://www.linkedin.com/search/results/companies/?keywords=Artha%20Realty%20Dubai%20UAE,,"LinkedIn company search route, exact page to confirm before outbound",Route,Research only. No outreach sent. Confirm profile before external message.
Real Estate Agency,B,Banke International Properties,,Real estate agency / brokerage,https://www.linkedin.com/search/results/companies/?keywords=Banke%20International%20Properties%20Dubai%20UAE,,"LinkedIn company search route, exact page to confirm before outbound",Route,Research only. No outreach sent. Confirm profile before external message.
Real Estate Agency,B,Pleasant Real Estate,,Real estate agency / brokerage,https://www.linkedin.com/search/results/companies/?keywords=Pleasant%20Real%20Estate%20Dubai%20UAE,,"LinkedIn company search route, exact page to confirm before outbound",Route,Research only. No outreach sent. Confirm profile before external message.
Real Estate Agency,B,A1 Properties,,Real estate agency / brokerage,https://www.linkedin.com/search/results/companies/?keywords=A1%20Properties%20Dubai%20UAE,,"LinkedIn company search route, exact page to confirm before outbound",Route,Research only. No outreach sent. Confirm profile before external message.
Real Estate Agency,B,Fast Way Real Estate,,Real estate agency / brokerage,https://www.linkedin.com/search/results/companies/?keywords=Fast%20Way%20Real%20Estate%20Dubai%20UAE,,"LinkedIn company search route, exact page to confirm before outbound",Route,Research only. No outreach sent. Confirm profile before external message.
Real Estate Agency,B,Seven Century Real Estate,,Real estate agency / brokerage,https://www.linkedin.com/search/results/companies/?keywords=Seven%20Century%20Real%20Estate%20Dubai%20UAE,,"LinkedIn company search route, exact page to confirm before outbound",Route,Research only. No outreach sent. Confirm profile before external message.
Real Estate Agency,B,Green Line Real Estate,,Real estate agency / brokerage,https://www.linkedin.com/search/results/companies/?keywords=Green%20Line%20Real%20Estate%20Dubai%20UAE,,"LinkedIn company search route, exact page to confirm before outbound",Route,Research only. No outreach sent. Confirm profile before external message.
Real Estate Agency,B,Valorem Real Estate,,Real estate agency / brokerage,https://www.linkedin.com/search/results/companies/?keywords=Valorem%20Real%20Estate%20Dubai%20UAE,,"LinkedIn company search route, exact page to confirm before outbound",Route,Research only. No outreach sent. Confirm profile before external message.
Real Estate Agency,B,Nucassa Real Estate,,Real estate agency / brokerage,https://www.linkedin.com/search/results/companies/?keywords=Nucassa%20Real%20Estate%20Dubai%20UAE,,"LinkedIn company search route, exact page to confirm before outbound",Route,Research only. No outreach sent. Confirm profile before external message.
Real Estate Agency,B,B One Properties,,Real estate agency / brokerage,https://www.linkedin.com/search/results/companies/?keywords=B%20One%20Properties%20Dubai%20UAE,,"LinkedIn company search route, exact page to confirm before outbound",Route,Research only. No outreach sent. Confirm profile before external message.
Real Estate Agency,B,XO Property,,Real estate agency / brokerage,https://www.linkedin.com/search/results/companies/?keywords=XO%20Property%20Dubai%20UAE,,"LinkedIn company search route, exact page to confirm before outbound",Route,Research only. No outreach sent. Confirm profile before external message.
Real Estate Agency,B,Penthouse.ae,,Real estate agency / brokerage,https://www.linkedin.com/search/results/companies/?keywords=Penthouse.ae%20Dubai%20UAE,,"LinkedIn company search route, exact page to confirm before outbound",Route,Research only. No outreach sent. Confirm profile before external message.
Real Estate Agency,B,Phoenix Homes Real Estate,,Real estate agency / brokerage,https://www.linkedin.com/search/results/companies/?keywords=Phoenix%20Homes%20Real%20Estate%20Dubai%20UAE,,"LinkedIn company search route, exact page to confirm before outbound",Route,Research only. No outreach sent. Confirm profile before external message.
Real Estate Agency,B,Ascot & Co Real Estate,,Real estate agency / brokerage,https://www.linkedin.com/search/results/companies/?keywords=Ascot%20%26%20Co%20Real%20Estate%20Dubai%20UAE,,"LinkedIn company search route, exact page to confirm before outbound",Route,Research only. No outreach sent. Confirm profile before external message.
Real Estate Agency,C,Arabian Estates,,Real estate agency / brokerage,https://www.linkedin.com/search/results/companies/?keywords=Arabian%20Estates%20Dubai%20UAE,,"LinkedIn company search route, exact page to confirm before outbound",Route,Research only. No outreach sent. Confirm profile before external message.
Real Estate Agency,C,Smith & Ken Real Estate,,Real estate agency / brokerage,https://www.linkedin.com/search/results/companies/?keywords=Smith%20%26%20Ken%20Real%20Estate%20Dubai%20UAE,,"LinkedIn company search route, exact page to confirm before outbound",Route,Research only. No outreach sent. Confirm profile before external message.
Real Estate Agency,C,Edwards and Towers,,Real estate agency / brokerage,https://www.linkedin.com/search/results/companies/?keywords=Edwards%20and%20Towers%20Dubai%20UAE,,"LinkedIn company search route, exact page to confirm before outbound",Route,Research only. No outreach sent. Confirm profile before external message.
Real Estate Agency,C,Candour Property,,Real estate agency / brokerage,https://www.linkedin.com/search/results/companies/?keywords=Candour%20Property%20Dubai%20UAE,,"LinkedIn company search route, exact page to confirm before outbound",Route,Research only. No outreach sent. Confirm profile before external message.
Real Estate Agency,C,Binayah Real Estate,,Real estate agency / brokerage,https://www.linkedin.com/search/results/companies/?keywords=Binayah%20Real%20Estate%20Dubai%20UAE,,"LinkedIn company search route, exact page to confirm before outbound",Route,Research only. No outreach sent. Confirm profile before external message.
Real Estate Agency,C,Prestige Luxury Real Estate,,Real estate agency / brokerage,https://www.linkedin.com/search/results/companies/?keywords=Prestige%20Luxury%20Real%20Estate%20Dubai%20UAE,,"LinkedIn company search route, exact page to confirm before outbound",Route,Research only. No outreach sent. Confirm profile before external message.
Real Estate Agency,C,A&Co Real Estate,,Real estate agency / brokerage,https://www.linkedin.com/search/results/companies/?keywords=A%26Co%20Real%20Estate%20Dubai%20UAE,,"LinkedIn company search route, exact page to confirm before outbound",Route,Research only. No outreach sent. Confirm profile before external message.
Real Estate Agency,C,N7 Real Estate,,Real estate agency / brokerage,https://www.linkedin.com/search/results/companies/?keywords=N7%20Real%20Estate%20Dubai%20UAE,,"LinkedIn company search route, exact page to confirm before outbound",Route,Research only. No outreach sent. Confirm profile before external message.
Real Estate Agency,C,TurnKey Properties,,Real estate agency / brokerage,https://www.linkedin.com/search/results/companies/?keywords=TurnKey%20Properties%20Dubai%20UAE,,"LinkedIn company search route, exact page to confirm before outbound",Route,Research only. No outreach sent. Confirm profile before external message.
Real Estate Agency,C,Legacy Real Estate Brokers,,Real estate agency / brokerage,https://www.linkedin.com/search/results/companies/?keywords=Legacy%20Real%20Estate%20Brokers%20Dubai%20UAE,,"LinkedIn company search route, exact page to confirm before outbound",Route,Research only. No outreach sent. Confirm profile before external message.
Real Estate Agency,C,LuxuryProperty.com,,Real estate agency / brokerage,https://www.linkedin.com/search/results/companies/?keywords=LuxuryProperty.com%20Dubai%20UAE,,"LinkedIn company search route, exact page to confirm before outbound",Route,Research only. No outreach sent. Confirm profile before external message.
Real Estate Agency,C,BlackBrick Property,,Real estate agency / brokerage,https://www.linkedin.com/search/results/companies/?keywords=BlackBrick%20Property%20Dubai%20UAE,,"LinkedIn company search route, exact page to confirm before outbound",Route,Research only. No outreach sent. Confirm profile before external message.
Real Estate Agency,C,F&C Properties,,Real estate agency / brokerage,https://www.linkedin.com/search/results/companies/?keywords=F%26C%20Properties%20Dubai%20UAE,,"LinkedIn company search route, exact page to confirm before outbound",Route,Research only. No outreach sent. Confirm profile before external message.
Real Estate Agency,C,AX CAPITAL Real Estate,,Real estate agency / brokerage,https://www.linkedin.com/search/results/companies/?keywords=AX%20CAPITAL%20Real%20Estate%20Dubai%20UAE,,"LinkedIn company search route, exact page to confirm before outbound",Route,Research only. No outreach sent. Confirm profile before external message.
Real Estate Agency,C,Sky View Real Estate Brokers,,Real estate agency / brokerage,https://www.linkedin.com/search/results/companies/?keywords=Sky%20View%20Real%20Estate%20Brokers%20Dubai%20UAE,,"LinkedIn company search route, exact page to confirm before outbound",Route,Research only. No outreach sent. Confirm profile before external message.
Real Estate Agency,C,Raine & Horne Dubai,,Real estate agency / brokerage,https://www.linkedin.com/search/results/companies/?keywords=Raine%20%26%20Horne%20Dubai%20Dubai%20UAE,,"LinkedIn company search route, exact page to confirm before outbound",Route,Research only. No outreach sent. Confirm profile before external message.
Real Estate Agency,C,Better Livings Real Estate,,Real estate agency / brokerage,https://www.linkedin.com/search/results/companies/?keywords=Better%20Livings%20Real%20Estate%20Dubai%20UAE,,"LinkedIn company search route, exact page to confirm before outbound",Route,Research only. No outreach sent. Confirm profile before external message.
Real Estate Agency,C,B H C R C Real Estate,,Real estate agency / brokerage,https://www.linkedin.com/search/results/companies/?keywords=B%20H%20C%20R%20C%20Real%20Estate%20Dubai%20UAE,,"LinkedIn company search route, exact page to confirm before outbound",Route,Research only. No outreach sent. Confirm profile before external message.
Real Estate Agency,C,Brickstone Real Estate,,Real estate agency / brokerage,https://www.linkedin.com/search/results/companies/?keywords=Brickstone%20Real%20Estate%20Dubai%20UAE,,"LinkedIn company search route, exact page to confirm before outbound",Route,Research only. No outreach sent. Confirm profile before external message.
Real Estate Agency,C,Prime Links Real Estate,,Real estate agency / brokerage,https://www.linkedin.com/search/results/companies/?keywords=Prime%20Links%20Real%20Estate%20Dubai%20UAE,,"LinkedIn company search route, exact page to confirm before outbound",Route,Research only. No outreach sent. Confirm profile before external message.
Real Estate Agency,C,Positive Properties,,Real estate agency / brokerage,https://www.linkedin.com/search/results/companies/?keywords=Positive%20Properties%20Dubai%20UAE,,"LinkedIn company search route, exact page to confirm before outbound",Route,Research only. No outreach sent. Confirm profile before external message.
Real Estate Agency,C,Maverick Realty,,Real estate agency / brokerage,https://www.linkedin.com/search/results/companies/?keywords=Maverick%20Realty%20Dubai%20UAE,,"LinkedIn company search route, exact page to confirm before outbound",Route,Research only. No outreach sent. Confirm profile before external message.
Real Estate Agency,C,Elan Real Estate,,Real estate agency / brokerage,https://www.linkedin.com/search/results/companies/?keywords=Elan%20Real%20Estate%20Dubai%20UAE,,"LinkedIn company search route, exact page to confirm before outbound",Route,Research only. No outreach sent. Confirm profile before external message.
Real Estate Agency,C,Treo Homes Dubai,,Real estate agency / brokerage,https://www.linkedin.com/search/results/companies/?keywords=Treo%20Homes%20Dubai%20Dubai%20UAE,,"LinkedIn company search route, exact page to confirm before outbound",Route,Research only. No outreach sent. Confirm profile before external message.
Real Estate Agency,C,Insight Properties,,Real estate agency / brokerage,https://www.linkedin.com/search/results/companies/?keywords=Insight%20Properties%20Dubai%20UAE,,"LinkedIn company search route, exact page to confirm before outbound",Route,Research only. No outreach sent. Confirm profile before external message.
Real Estate Agency,C,Rosenheim Luxury Properties,,Real estate agency / brokerage,https://www.linkedin.com/search/results/companies/?keywords=Rosenheim%20Luxury%20Properties%20Dubai%20UAE,,"LinkedIn company search route, exact page to confirm before outbound",Route,Research only. No outreach sent. Confirm profile before external message.
Real Estate Agency,C,KAYE & CO Real Estate,,Real estate agency / brokerage,https://www.linkedin.com/search/results/companies/?keywords=KAYE%20%26%20CO%20Real%20Estate%20Dubai%20UAE,,"LinkedIn company search route, exact page to confirm before outbound",Route,Research only. No outreach sent. Confirm profile before external message.
Real Estate Agency,C,Stage Properties,,Real estate agency / brokerage,https://www.linkedin.com/search/results/companies/?keywords=Stage%20Properties%20Dubai%20UAE,,"LinkedIn company search route, exact page to confirm before outbound",Route,Research only. No outreach sent. Confirm profile before external message.
Real Estate Agency,C,Bellevue Real Estate,,Real estate agency / brokerage,https://www.linkedin.com/search/results/companies/?keywords=Bellevue%20Real%20Estate%20Dubai%20UAE,,"LinkedIn company search route, exact page to confirm before outbound",Route,Research only. No outreach sent. Confirm profile before external message.
Real Estate Agency,C,Treasure Real Estate,,Real estate agency / brokerage,https://www.linkedin.com/search/results/companies/?keywords=Treasure%20Real%20Estate%20Dubai%20UAE,,"LinkedIn company search route, exact page to confirm before outbound",Route,Research only. No outreach sent. Confirm profile before external message.
Real Estate Agent,A,Ahmed Hassan,Stone Bridge Real Estate,Real estate agent,https://www.linkedin.com/search/results/people/?keywords=Ahmed%20Hassan%20Stone%20Bridge%20Real%20Estate%20Dubai%20real%20estate,,"Named from existing property outreach, LinkedIn people-search route",Route,Research only. No outreach sent. Confirm profile before external message.
Real Estate Agent,A,Tereza Hlubinakova,Tereza Estates,Real estate agent,https://www.linkedin.com/search/results/people/?keywords=Tereza%20Hlubinakova%20Tereza%20Estates%20Dubai%20real%20estate,,"Named from existing property outreach, LinkedIn people-search route",Route,Research only. No outreach sent. Confirm profile before external message.
Real Estate Agent,A,Luiza Spiridonova,Top Priority Real Estate,Real estate agent,https://www.linkedin.com/search/results/people/?keywords=Luiza%20Spiridonova%20Top%20Priority%20Real%20Estate%20Dubai%20real%20estate,,"Named from existing property outreach, LinkedIn people-search route",Route,Research only. No outreach sent. Confirm profile before external message.
Real Estate Agent,A,Isobel Donovan,Betterhomes,Real estate agent,https://www.linkedin.com/search/results/people/?keywords=Isobel%20Donovan%20Betterhomes%20Dubai%20real%20estate,,"Named from existing property outreach, LinkedIn people-search route",Route,Research only. No outreach sent. Confirm profile before external message.
Real Estate Agent,A,Joseph Rochester,Dacha Real Estate,Real estate agent,https://www.linkedin.com/search/results/people/?keywords=Joseph%20Rochester%20Dacha%20Real%20Estate%20Dubai%20real%20estate,,"Named from existing property outreach, LinkedIn people-search route",Route,Research only. No outreach sent. Confirm profile before external message.
Real Estate Agent,A,Kristel Ann Sinohin,Elysian Real Estate,Real estate agent,https://www.linkedin.com/search/results/people/?keywords=Kristel%20Ann%20Sinohin%20Elysian%20Real%20Estate%20Dubai%20real%20estate,,"Named from existing property outreach, LinkedIn people-search route",Route,Research only. No outreach sent. Confirm profile before external message.
Real Estate Agent,A,Fatima Dunn,Atomic Properties,Real estate agent,https://www.linkedin.com/search/results/people/?keywords=Fatima%20Dunn%20Atomic%20Properties%20Dubai%20real%20estate,,"Named from existing property outreach, LinkedIn people-search route",Route,Research only. No outreach sent. Confirm profile before external message.
Real Estate Agent,A,Urvashi Sidhapara,Betterhomes,Real estate agent,https://www.linkedin.com/search/results/people/?keywords=Urvashi%20Sidhapara%20Betterhomes%20Dubai%20real%20estate,,"Named from existing property outreach, LinkedIn people-search route",Route,Research only. No outreach sent. Confirm profile before external message.
Real Estate Agent,A,Maximilian Hoffmann,Engel & Volkers,Real estate agent,https://www.linkedin.com/search/results/people/?keywords=Maximilian%20Hoffmann%20Engel%20%26%20Volkers%20Dubai%20real%20estate,,"Named from existing property outreach, LinkedIn people-search route",Route,Research only. No outreach sent. Confirm profile before external message.
Real Estate Agent,A,Talin Nizam,Luxbridge International Realty,Real estate agent,https://www.linkedin.com/search/results/people/?keywords=Talin%20Nizam%20Luxbridge%20International%20Realty%20Dubai%20real%20estate,,"Named from existing property outreach, LinkedIn people-search route",Route,Research only. No outreach sent. Confirm profile before external message.
Real Estate Agent,A,Shahid Basha Laat,Your Homes Real Estate,Real estate agent,https://www.linkedin.com/search/results/people/?keywords=Shahid%20Basha%20Laat%20Your%20Homes%20Real%20Estate%20Dubai%20real%20estate,,"Named from existing property outreach, LinkedIn people-search route",Route,Research only. No outreach sent. Confirm profile before external message.
Real Estate Agent,A,Illia Bilyk,Sumy Real Estate,Real estate agent,https://www.linkedin.com/search/results/people/?keywords=Illia%20Bilyk%20Sumy%20Real%20Estate%20Dubai%20real%20estate,,"Named from existing property outreach, LinkedIn people-search route",Route,Research only. No outreach sent. Confirm profile before external message.
Real Estate Agent,A,Olga Rusu,OBG Real Estate,Real estate agent,https://www.linkedin.com/search/results/people/?keywords=Olga%20Rusu%20OBG%20Real%20Estate%20Dubai%20real%20estate,,"Named from existing property outreach, LinkedIn people-search route",Route,Research only. No outreach sent. Confirm profile before external message.
Real Estate Agent,A,ARB Real Estate,,Real estate agent,https://www.linkedin.com/search/results/people/?keywords=ARB%20Real%20Estate%20%20Dubai%20real%20estate,,"Named from existing property outreach, LinkedIn people-search route",Route,Research only. No outreach sent. Confirm profile before external message.
Real Estate Agent,A,Elina Ceban,McCone Properties,Real estate agent,https://www.linkedin.com/search/results/people/?keywords=Elina%20Ceban%20McCone%20Properties%20Dubai%20real%20estate,,"Named from existing property outreach, LinkedIn people-search route",Route,Research only. No outreach sent. Confirm profile before external message.
Real Estate Agent,A,Spica Real Estate,,Real estate agent,https://www.linkedin.com/search/results/people/?keywords=Spica%20Real%20Estate%20%20Dubai%20real%20estate,,"Named from existing property outreach, LinkedIn people-search route",Route,Research only. No outreach sent. Confirm profile before external message.
Real Estate Agent,A,LMA Elite Properties,,Real estate agent,https://www.linkedin.com/search/results/people/?keywords=LMA%20Elite%20Properties%20%20Dubai%20real%20estate,,"Named from existing property outreach, LinkedIn people-search route",Route,Research only. No outreach sent. Confirm profile before external message.
Real Estate Agent,A,La Capitale Real Estate,,Real estate agent,https://www.linkedin.com/search/results/people/?keywords=La%20Capitale%20Real%20Estate%20%20Dubai%20real%20estate,,"Named from existing property outreach, LinkedIn people-search route",Route,Research only. No outreach sent. Confirm profile before external message.
Real Estate Agent,A,Dacha Real Estate,,Real estate agent,https://www.linkedin.com/search/results/people/?keywords=Dacha%20Real%20Estate%20%20Dubai%20real%20estate,,"Named from existing property outreach, LinkedIn people-search route",Route,Research only. No outreach sent. Confirm profile before external message.
Real Estate Agent,A,Betterhomes Customer Care,,Real estate agent,https://www.linkedin.com/search/results/people/?keywords=Betterhomes%20Customer%20Care%20%20Dubai%20real%20estate,,"Named from existing property outreach, LinkedIn people-search route",Route,Research only. No outreach sent. Confirm profile before external message.
Real Estate Agent,A,Carmen Davis,Exclusive Links Real Estate Brokers,Real estate agent,https://www.linkedin.com/search/results/people/?keywords=Carmen%20Davis%20Exclusive%20Links%20Real%20Estate%20Brokers%20Dubai%20real%20estate,,"Named from existing property outreach, LinkedIn people-search route",Route,Research only. No outreach sent. Confirm profile before external message.
Real Estate Agent,A,Dina Uvasheva,fam Properties,Real estate agent,https://www.linkedin.com/search/results/people/?keywords=Dina%20Uvasheva%20fam%20Properties%20Dubai%20real%20estate,,"Named from existing property outreach, LinkedIn people-search route",Route,Research only. No outreach sent. Confirm profile before external message.
Real Estate Agent,A,Mozhgan Moradimehreh,Driven Properties,Real estate agent,https://www.linkedin.com/search/results/people/?keywords=Mozhgan%20Moradimehreh%20Driven%20Properties%20Dubai%20real%20estate,,"Named from existing property outreach, LinkedIn people-search route",Route,Research only. No outreach sent. Confirm profile before external message.
Real Estate Agent,A,Cagri Ulucenk,VayK Vacation Homes,Real estate agent,https://www.linkedin.com/search/results/people/?keywords=Cagri%20Ulucenk%20VayK%20Vacation%20Homes%20Dubai%20real%20estate,,"Named from existing property outreach, LinkedIn people-search route",Route,Research only. No outreach sent. Confirm profile before external message.
Real Estate Agent,A,Natalia Rogovaya,Prive Real Estate,Real estate agent,https://www.linkedin.com/search/results/people/?keywords=Natalia%20Rogovaya%20Prive%20Real%20Estate%20Dubai%20real%20estate,,"Named from existing property outreach, LinkedIn people-search route",Route,Research only. No outreach sent. Confirm profile before external message.
Real Estate Agent,A,Royal Home Real Estate,,Real estate agent,https://www.linkedin.com/search/results/people/?keywords=Royal%20Home%20Real%20Estate%20%20Dubai%20real%20estate,,"Named from existing property outreach, LinkedIn people-search route",Route,Research only. No outreach sent. Confirm profile before external message.
Real Estate Agent,A,Allsopp & Allsopp,,Real estate agent,https://www.linkedin.com/search/results/people/?keywords=Allsopp%20%26%20Allsopp%20%20Dubai%20real%20estate,,"Named from existing property outreach, LinkedIn people-search route",Route,Research only. No outreach sent. Confirm profile before external message.
Real Estate Agent,A,Ebad Ghani,Sygma Real Estate,Real estate agent,https://www.linkedin.com/search/results/people/?keywords=Ebad%20Ghani%20Sygma%20Real%20Estate%20Dubai%20real%20estate,,"Named from existing property outreach, LinkedIn people-search route",Route,Research only. No outreach sent. Confirm profile before external message.
Real Estate Agent,A,Sekenkoum Real Estate,,Real estate agent,https://www.linkedin.com/search/results/people/?keywords=Sekenkoum%20Real%20Estate%20%20Dubai%20real%20estate,,"Named from existing property outreach, LinkedIn people-search route",Route,Research only. No outreach sent. Confirm profile before external message.
Real Estate Agent,A,Ramakant Chaturvedi,Yogi International,Real estate agent,https://www.linkedin.com/search/results/people/?keywords=Ramakant%20Chaturvedi%20Yogi%20International%20Dubai%20real%20estate,,"Named from existing property outreach, LinkedIn people-search route",Route,Research only. No outreach sent. Confirm profile before external message.
Real Estate Agent,B,Tanweer Khan,Discovery Homes,Real estate agent,https://www.linkedin.com/search/results/people/?keywords=Tanweer%20Khan%20Discovery%20Homes%20Dubai%20real%20estate,,"Named from existing property outreach, LinkedIn people-search route",Route,Research only. No outreach sent. Confirm profile before external message.
Real Estate Agent,B,Vinod Bhojwani,Homes4Life,Real estate agent,https://www.linkedin.com/search/results/people/?keywords=Vinod%20Bhojwani%20Homes4Life%20Dubai%20real%20estate,,"Named from existing property outreach, LinkedIn people-search route",Route,Research only. No outreach sent. Confirm profile before external message.
Real Estate Agent,B,Saeel Raghuvir Chari,Twinkle Real Estate,Real estate agent,https://www.linkedin.com/search/results/people/?keywords=Saeel%20Raghuvir%20Chari%20Twinkle%20Real%20Estate%20Dubai%20real%20estate,,"Named from existing property outreach, LinkedIn people-search route",Route,Research only. No outreach sent. Confirm profile before external message.
Real Estate Agent,B,Abdul Fatah Joudi,Squadra,Real estate agent,https://www.linkedin.com/search/results/people/?keywords=Abdul%20Fatah%20Joudi%20Squadra%20Dubai%20real%20estate,,"Named from existing property outreach, LinkedIn people-search route",Route,Research only. No outreach sent. Confirm profile before external message.
Real Estate Agent,B,Viktoriia Chukan,McCone,Real estate agent,https://www.linkedin.com/search/results/people/?keywords=Viktoriia%20Chukan%20McCone%20Dubai%20real%20estate,,"Named from existing property outreach, LinkedIn people-search route",Route,Research only. No outreach sent. Confirm profile before external message.
Real Estate Agent,B,Taylor Ann Davis,McCone,Real estate agent,https://www.linkedin.com/search/results/people/?keywords=Taylor%20Ann%20Davis%20McCone%20Dubai%20real%20estate,,"Named from existing property outreach, LinkedIn people-search route",Route,Research only. No outreach sent. Confirm profile before external message.
Real Estate Agent,B,Edgars Laucenieks,Inside Premium Properties,Real estate agent,https://www.linkedin.com/search/results/people/?keywords=Edgars%20Laucenieks%20Inside%20Premium%20Properties%20Dubai%20real%20estate,,"Named from existing property outreach, LinkedIn people-search route",Route,Research only. No outreach sent. Confirm profile before external message.
Real Estate Agent,B,Vicky Bhambhani,Union Square House,Real estate agent,https://www.linkedin.com/search/results/people/?keywords=Vicky%20Bhambhani%20Union%20Square%20House%20Dubai%20real%20estate,,"Named from existing property outreach, LinkedIn people-search route",Route,Research only. No outreach sent. Confirm profile before external message.
Real Estate Agent,B,Aaron Parkins,Allsopp & Allsopp,Real estate agent,https://www.linkedin.com/search/results/people/?keywords=Aaron%20Parkins%20Allsopp%20%26%20Allsopp%20Dubai%20real%20estate,,"Named from existing property outreach, LinkedIn people-search route",Route,Research only. No outreach sent. Confirm profile before external message.
Real Estate Agent,B,Tamara Guzel,McCone Properties,Real estate agent,https://www.linkedin.com/search/results/people/?keywords=Tamara%20Guzel%20McCone%20Properties%20Dubai%20real%20estate,,"Named from existing property outreach, LinkedIn people-search route",Route,Research only. No outreach sent. Confirm profile before external message.
Real Estate Agent,B,Mohamed Salah,REIM Real Estate Brokerage,Real estate agent,https://www.linkedin.com/search/results/people/?keywords=Mohamed%20Salah%20REIM%20Real%20Estate%20Brokerage%20Dubai%20real%20estate,,"Named from existing property outreach, LinkedIn people-search route",Route,Research only. No outreach sent. Confirm profile before external message.
Real Estate Agent,B,Lowri Carys Scrivens,Betterhomes,Real estate agent,https://www.linkedin.com/search/results/people/?keywords=Lowri%20Carys%20Scrivens%20Betterhomes%20Dubai%20real%20estate,,"Named from existing property outreach, LinkedIn people-search route",Route,Research only. No outreach sent. Confirm profile before external message.
Real Estate Agent,B,Betterhomes Dubai Marina agent search,Betterhomes,Real estate agent sourcing route,https://www.linkedin.com/search/results/people/?keywords=Betterhomes%20Dubai%20Marina%20real%20estate%20agent%20Dubai,,"LinkedIn people-search route, individual profile to select manually",Route,Research only. No outreach sent. Confirm profile before external message.
Real Estate Agent,B,Betterhomes JBR agent search,Betterhomes,Real estate agent sourcing route,https://www.linkedin.com/search/results/people/?keywords=Betterhomes%20JBR%20real%20estate%20agent%20Dubai,,"LinkedIn people-search route, individual profile to select manually",Route,Research only. No outreach sent. Confirm profile before external message.
Real Estate Agent,B,Betterhomes Palm Jumeirah agent search,Betterhomes,Real estate agent sourcing route,https://www.linkedin.com/search/results/people/?keywords=Betterhomes%20Palm%20Jumeirah%20real%20estate%20agent%20Dubai,,"LinkedIn people-search route, individual profile to select manually",Route,Research only. No outreach sent. Confirm profile before external message.
Real Estate Agent,B,Betterhomes Downtown Dubai agent search,Betterhomes,Real estate agent sourcing route,https://www.linkedin.com/search/results/people/?keywords=Betterhomes%20Downtown%20Dubai%20real%20estate%20agent%20Dubai,,"LinkedIn people-search route, individual profile to select manually",Route,Research only. No outreach sent. Confirm profile before external message.
Real Estate Agent,B,Betterhomes Business Bay agent search,Betterhomes,Real estate agent sourcing route,https://www.linkedin.com/search/results/people/?keywords=Betterhomes%20Business%20Bay%20real%20estate%20agent%20Dubai,,"LinkedIn people-search route, individual profile to select manually",Route,Research only. No outreach sent. Confirm profile before external message.
Real Estate Agent,B,Betterhomes JVC agent search,Betterhomes,Real estate agent sourcing route,https://www.linkedin.com/search/results/people/?keywords=Betterhomes%20JVC%20real%20estate%20agent%20Dubai,,"LinkedIn people-search route, individual profile to select manually",Route,Research only. No outreach sent. Confirm profile before external message.
Real Estate Agent,B,Betterhomes Dubai Hills agent search,Betterhomes,Real estate agent sourcing route,https://www.linkedin.com/search/results/people/?keywords=Betterhomes%20Dubai%20Hills%20real%20estate%20agent%20Dubai,,"LinkedIn people-search route, individual profile to select manually",Route,Research only. No outreach sent. Confirm profile before external message.
Real Estate Agent,B,Betterhomes The Greens agent search,Betterhomes,Real estate agent sourcing route,https://www.linkedin.com/search/results/people/?keywords=Betterhomes%20The%20Greens%20real%20estate%20agent%20Dubai,,"LinkedIn people-search route, individual profile to select manually",Route,Research only. No outreach sent. Confirm profile before external message.
Real Estate Agent,B,Betterhomes JLT agent search,Betterhomes,Real estate agent sourcing route,https://www.linkedin.com/search/results/people/?keywords=Betterhomes%20JLT%20real%20estate%20agent%20Dubai,,"LinkedIn people-search route, individual profile to select manually",Route,Research only. No outreach sent. Confirm profile before external message.
Real Estate Agent,B,Betterhomes Arabian Ranches agent search,Betterhomes,Real estate agent sourcing route,https://www.linkedin.com/search/results/people/?keywords=Betterhomes%20Arabian%20Ranches%20real%20estate%20agent%20Dubai,,"LinkedIn people-search route, individual profile to select manually",Route,Research only. No outreach sent. Confirm profile before external message.
Real Estate Agent,B,Betterhomes Damac Hills agent search,Betterhomes,Real estate agent sourcing route,https://www.linkedin.com/search/results/people/?keywords=Betterhomes%20Damac%20Hills%20real%20estate%20agent%20Dubai,,"LinkedIn people-search route, individual profile to select manually",Route,Research only. No outreach sent. Confirm profile before external message.
Real Estate Agent,B,Betterhomes Bluewaters agent search,Betterhomes,Real estate agent sourcing route,https://www.linkedin.com/search/results/people/?keywords=Betterhomes%20Bluewaters%20real%20estate%20agent%20Dubai,,"LinkedIn people-search route, individual profile to select manually",Route,Research only. No outreach sent. Confirm profile before external message.
Real Estate Agent,B,Betterhomes Dubai Creek Harbour agent search,Betterhomes,Real estate agent sourcing route,https://www.linkedin.com/search/results/people/?keywords=Betterhomes%20Dubai%20Creek%20Harbour%20real%20estate%20agent%20Dubai,,"LinkedIn people-search route, individual profile to select manually",Route,Research only. No outreach sent. Confirm profile before external message.
Real Estate Agent,B,Betterhomes Emaar Beachfront agent search,Betterhomes,Real estate agent sourcing route,https://www.linkedin.com/search/results/people/?keywords=Betterhomes%20Emaar%20Beachfront%20real%20estate%20agent%20Dubai,,"LinkedIn people-search route, individual profile to select manually",Route,Research only. No outreach sent. Confirm profile before external message.
Real Estate Agent,B,Betterhomes Jumeirah Village Triangle agent search,Betterhomes,Real estate agent sourcing route,https://www.linkedin.com/search/results/people/?keywords=Betterhomes%20Jumeirah%20Village%20Triangle%20real%20estate%20agent%20Dubai,,"LinkedIn people-search route, individual profile to select manually",Route,Research only. No outreach sent. Confirm profile before external message.
Real Estate Agent,B,Allsopp & Allsopp Dubai Marina agent search,Allsopp & Allsopp,Real estate agent sourcing route,https://www.linkedin.com/search/results/people/?keywords=Allsopp%20%26%20Allsopp%20Dubai%20Marina%20real%20estate%20agent%20Dubai,,"LinkedIn people-search route, individual profile to select manually",Route,Research only. No outreach sent. Confirm profile before external message.
Real Estate Agent,B,Allsopp & Allsopp JBR agent search,Allsopp & Allsopp,Real estate agent sourcing route,https://www.linkedin.com/search/results/people/?keywords=Allsopp%20%26%20Allsopp%20JBR%20real%20estate%20agent%20Dubai,,"LinkedIn people-search route, individual profile to select manually",Route,Research only. No outreach sent. Confirm profile before external message.
Real Estate Agent,B,Allsopp & Allsopp Palm Jumeirah agent search,Allsopp & Allsopp,Real estate agent sourcing route,https://www.linkedin.com/search/results/people/?keywords=Allsopp%20%26%20Allsopp%20Palm%20Jumeirah%20real%20estate%20agent%20Dubai,,"LinkedIn people-search route, individual profile to select manually",Route,Research only. No outreach sent. Confirm profile before external message.
Real Estate Agent,B,Allsopp & Allsopp Downtown Dubai agent search,Allsopp & Allsopp,Real estate agent sourcing route,https://www.linkedin.com/search/results/people/?keywords=Allsopp%20%26%20Allsopp%20Downtown%20Dubai%20real%20estate%20agent%20Dubai,,"LinkedIn people-search route, individual profile to select manually",Route,Research only. No outreach sent. Confirm profile before external message.
Real Estate Agent,B,Allsopp & Allsopp Business Bay agent search,Allsopp & Allsopp,Real estate agent sourcing route,https://www.linkedin.com/search/results/people/?keywords=Allsopp%20%26%20Allsopp%20Business%20Bay%20real%20estate%20agent%20Dubai,,"LinkedIn people-search route, individual profile to select manually",Route,Research only. No outreach sent. Confirm profile before external message.
Real Estate Agent,B,Allsopp & Allsopp JVC agent search,Allsopp & Allsopp,Real estate agent sourcing route,https://www.linkedin.com/search/results/people/?keywords=Allsopp%20%26%20Allsopp%20JVC%20real%20estate%20agent%20Dubai,,"LinkedIn people-search route, individual profile to select manually",Route,Research only. No outreach sent. Confirm profile before external message.
Real Estate Agent,B,Allsopp & Allsopp Dubai Hills agent search,Allsopp & Allsopp,Real estate agent sourcing route,https://www.linkedin.com/search/results/people/?keywords=Allsopp%20%26%20Allsopp%20Dubai%20Hills%20real%20estate%20agent%20Dubai,,"LinkedIn people-search route, individual profile to select manually",Route,Research only. No outreach sent. Confirm profile before external message.
Real Estate Agent,B,Allsopp & Allsopp The Greens agent search,Allsopp & Allsopp,Real estate agent sourcing route,https://www.linkedin.com/search/results/people/?keywords=Allsopp%20%26%20Allsopp%20The%20Greens%20real%20estate%20agent%20Dubai,,"LinkedIn people-search route, individual profile to select manually",Route,Research only. No outreach sent. Confirm profile before external message.
Real Estate Agent,B,Allsopp & Allsopp JLT agent search,Allsopp & Allsopp,Real estate agent sourcing route,https://www.linkedin.com/search/results/people/?keywords=Allsopp%20%26%20Allsopp%20JLT%20real%20estate%20agent%20Dubai,,"LinkedIn people-search route, individual profile to select manually",Route,Research only. No outreach sent. Confirm profile before external message.
Real Estate Agent,B,Allsopp & Allsopp Arabian Ranches agent search,Allsopp & Allsopp,Real estate agent sourcing route,https://www.linkedin.com/search/results/people/?keywords=Allsopp%20%26%20Allsopp%20Arabian%20Ranches%20real%20estate%20agent%20Dubai,,"LinkedIn people-search route, individual profile to select manually",Route,Research only. No outreach sent. Confirm profile before external message.
Real Estate Agent,B,Allsopp & Allsopp Damac Hills agent search,Allsopp & Allsopp,Real estate agent sourcing route,https://www.linkedin.com/search/results/people/?keywords=Allsopp%20%26%20Allsopp%20Damac%20Hills%20real%20estate%20agent%20Dubai,,"LinkedIn people-search route, individual profile to select manually",Route,Research only. No outreach sent. Confirm profile before external message.
Real Estate Agent,B,Allsopp & Allsopp Bluewaters agent search,Allsopp & Allsopp,Real estate agent sourcing route,https://www.linkedin.com/search/results/people/?keywords=Allsopp%20%26%20Allsopp%20Bluewaters%20real%20estate%20agent%20Dubai,,"LinkedIn people-search route, individual profile to select manually",Route,Research only. No outreach sent. Confirm profile before external message.
Real Estate Agent,B,Allsopp & Allsopp Dubai Creek Harbour agent search,Allsopp & Allsopp,Real estate agent sourcing route,https://www.linkedin.com/search/results/people/?keywords=Allsopp%20%26%20Allsopp%20Dubai%20Creek%20Harbour%20real%20estate%20agent%20Dubai,,"LinkedIn people-search route, individual profile to select manually",Route,Research only. No outreach sent. Confirm profile before external message.
Real Estate Agent,C,Allsopp & Allsopp Emaar Beachfront agent search,Allsopp & Allsopp,Real estate agent sourcing route,https://www.linkedin.com/search/results/people/?keywords=Allsopp%20%26%20Allsopp%20Emaar%20Beachfront%20real%20estate%20agent%20Dubai,,"LinkedIn people-search route, individual profile to select manually",Route,Research only. No outreach sent. Confirm profile before external message.
Real Estate Agent,C,Allsopp & Allsopp Jumeirah Village Triangle agent search,Allsopp & Allsopp,Real estate agent sourcing route,https://www.linkedin.com/search/results/people/?keywords=Allsopp%20%26%20Allsopp%20Jumeirah%20Village%20Triangle%20real%20estate%20agent%20Dubai,,"LinkedIn people-search route, individual profile to select manually",Route,Research only. No outreach sent. Confirm profile before external message.
Real Estate Agent,C,Dacha Real Estate Dubai Marina agent search,Dacha Real Estate,Real estate agent sourcing route,https://www.linkedin.com/search/results/people/?keywords=Dacha%20Real%20Estate%20Dubai%20Marina%20real%20estate%20agent%20Dubai,,"LinkedIn people-search route, individual profile to select manually",Route,Research only. No outreach sent. Confirm profile before external message.
Real Estate Agent,C,Dacha Real Estate JBR agent search,Dacha Real Estate,Real estate agent sourcing route,https://www.linkedin.com/search/results/people/?keywords=Dacha%20Real%20Estate%20JBR%20real%20estate%20agent%20Dubai,,"LinkedIn people-search route, individual profile to select manually",Route,Research only. No outreach sent. Confirm profile before external message.
Real Estate Agent,C,Dacha Real Estate Palm Jumeirah agent search,Dacha Real Estate,Real estate agent sourcing route,https://www.linkedin.com/search/results/people/?keywords=Dacha%20Real%20Estate%20Palm%20Jumeirah%20real%20estate%20agent%20Dubai,,"LinkedIn people-search route, individual profile to select manually",Route,Research only. No outreach sent. Confirm profile before external message.
Real Estate Agent,C,Dacha Real Estate Downtown Dubai agent search,Dacha Real Estate,Real estate agent sourcing route,https://www.linkedin.com/search/results/people/?keywords=Dacha%20Real%20Estate%20Downtown%20Dubai%20real%20estate%20agent%20Dubai,,"LinkedIn people-search route, individual profile to select manually",Route,Research only. No outreach sent. Confirm profile before external message.
Real Estate Agent,C,Dacha Real Estate Business Bay agent search,Dacha Real Estate,Real estate agent sourcing route,https://www.linkedin.com/search/results/people/?keywords=Dacha%20Real%20Estate%20Business%20Bay%20real%20estate%20agent%20Dubai,,"LinkedIn people-search route, individual profile to select manually",Route,Research only. No outreach sent. Confirm profile before external message.
Real Estate Agent,C,Dacha Real Estate JVC agent search,Dacha Real Estate,Real estate agent sourcing route,https://www.linkedin.com/search/results/people/?keywords=Dacha%20Real%20Estate%20JVC%20real%20estate%20agent%20Dubai,,"LinkedIn people-search route, individual profile to select manually",Route,Research only. No outreach sent. Confirm profile before external message.
Real Estate Agent,C,Dacha Real Estate Dubai Hills agent search,Dacha Real Estate,Real estate agent sourcing route,https://www.linkedin.com/search/results/people/?keywords=Dacha%20Real%20Estate%20Dubai%20Hills%20real%20estate%20agent%20Dubai,,"LinkedIn people-search route, individual profile to select manually",Route,Research only. No outreach sent. Confirm profile before external message.
Real Estate Agent,C,Dacha Real Estate The Greens agent search,Dacha Real Estate,Real estate agent sourcing route,https://www.linkedin.com/search/results/people/?keywords=Dacha%20Real%20Estate%20The%20Greens%20real%20estate%20agent%20Dubai,,"LinkedIn people-search route, individual profile to select manually",Route,Research only. No outreach sent. Confirm profile before external message.
Real Estate Agent,C,Dacha Real Estate JLT agent search,Dacha Real Estate,Real estate agent sourcing route,https://www.linkedin.com/search/results/people/?keywords=Dacha%20Real%20Estate%20JLT%20real%20estate%20agent%20Dubai,,"LinkedIn people-search route, individual profile to select manually",Route,Research only. No outreach sent. Confirm profile before external message.
Real Estate Agent,C,Dacha Real Estate Arabian Ranches agent search,Dacha Real Estate,Real estate agent sourcing route,https://www.linkedin.com/search/results/people/?keywords=Dacha%20Real%20Estate%20Arabian%20Ranches%20real%20estate%20agent%20Dubai,,"LinkedIn people-search route, individual profile to select manually",Route,Research only. No outreach sent. Confirm profile before external message.
Real Estate Agent,C,Dacha Real Estate Damac Hills agent search,Dacha Real Estate,Real estate agent sourcing route,https://www.linkedin.com/search/results/people/?keywords=Dacha%20Real%20Estate%20Damac%20Hills%20real%20estate%20agent%20Dubai,,"LinkedIn people-search route, individual profile to select manually",Route,Research only. No outreach sent. Confirm profile before external message.
Real Estate Agent,C,Dacha Real Estate Bluewaters agent search,Dacha Real Estate,Real estate agent sourcing route,https://www.linkedin.com/search/results/people/?keywords=Dacha%20Real%20Estate%20Bluewaters%20real%20estate%20agent%20Dubai,,"LinkedIn people-search route, individual profile to select manually",Route,Research only. No outreach sent. Confirm profile before external message.
Real Estate Agent,C,Dacha Real Estate Dubai Creek Harbour agent search,Dacha Real Estate,Real estate agent sourcing route,https://www.linkedin.com/search/results/people/?keywords=Dacha%20Real%20Estate%20Dubai%20Creek%20Harbour%20real%20estate%20agent%20Dubai,,"LinkedIn people-search route, individual profile to select manually",Route,Research only. No outreach sent. Confirm profile before external message.
Real Estate Agent,C,Dacha Real Estate Emaar Beachfront agent search,Dacha Real Estate,Real estate agent sourcing route,https://www.linkedin.com/search/results/people/?keywords=Dacha%20Real%20Estate%20Emaar%20Beachfront%20real%20estate%20agent%20Dubai,,"LinkedIn people-search route, individual profile to select manually",Route,Research only. No outreach sent. Confirm profile before external message.
Real Estate Agent,C,Dacha Real Estate Jumeirah Village Triangle agent search,Dacha Real Estate,Real estate agent sourcing route,https://www.linkedin.com/search/results/people/?keywords=Dacha%20Real%20Estate%20Jumeirah%20Village%20Triangle%20real%20estate%20agent%20Dubai,,"LinkedIn people-search route, individual profile to select manually",Route,Research only. No outreach sent. Confirm profile before external message.
Real Estate Agent,C,haus & haus Dubai Marina agent search,haus & haus,Real estate agent sourcing route,https://www.linkedin.com/search/results/people/?keywords=haus%20%26%20haus%20Dubai%20Marina%20real%20estate%20agent%20Dubai,,"LinkedIn people-search route, individual profile to select manually",Route,Research only. No outreach sent. Confirm profile before external message.
Real Estate Agent,C,haus & haus JBR agent search,haus & haus,Real estate agent sourcing route,https://www.linkedin.com/search/results/people/?keywords=haus%20%26%20haus%20JBR%20real%20estate%20agent%20Dubai,,"LinkedIn people-search route, individual profile to select manually",Route,Research only. No outreach sent. Confirm profile before external message.
Real Estate Agent,C,haus & haus Palm Jumeirah agent search,haus & haus,Real estate agent sourcing route,https://www.linkedin.com/search/results/people/?keywords=haus%20%26%20haus%20Palm%20Jumeirah%20real%20estate%20agent%20Dubai,,"LinkedIn people-search route, individual profile to select manually",Route,Research only. No outreach sent. Confirm profile before external message.
Real Estate Agent,C,haus & haus Downtown Dubai agent search,haus & haus,Real estate agent sourcing route,https://www.linkedin.com/search/results/people/?keywords=haus%20%26%20haus%20Downtown%20Dubai%20real%20estate%20agent%20Dubai,,"LinkedIn people-search route, individual profile to select manually",Route,Research only. No outreach sent. Confirm profile before external message.
Real Estate Agent,C,haus & haus Business Bay agent search,haus & haus,Real estate agent sourcing route,https://www.linkedin.com/search/results/people/?keywords=haus%20%26%20haus%20Business%20Bay%20real%20estate%20agent%20Dubai,,"LinkedIn people-search route, individual profile to select manually",Route,Research only. No outreach sent. Confirm profile before external message.
Real Estate Agent,C,haus & haus JVC agent search,haus & haus,Real estate agent sourcing route,https://www.linkedin.com/search/results/people/?keywords=haus%20%26%20haus%20JVC%20real%20estate%20agent%20Dubai,,"LinkedIn people-search route, individual profile to select manually",Route,Research only. No outreach sent. Confirm profile before external message.
Real Estate Agent,C,haus & haus Dubai Hills agent search,haus & haus,Real estate agent sourcing route,https://www.linkedin.com/search/results/people/?keywords=haus%20%26%20haus%20Dubai%20Hills%20real%20estate%20agent%20Dubai,,"LinkedIn people-search route, individual profile to select manually",Route,Research only. No outreach sent. Confirm profile before external message.
Real Estate Agent,C,haus & haus The Greens agent search,haus & haus,Real estate agent sourcing route,https://www.linkedin.com/search/results/people/?keywords=haus%20%26%20haus%20The%20Greens%20real%20estate%20agent%20Dubai,,"LinkedIn people-search route, individual profile to select manually",Route,Research only. No outreach sent. Confirm profile before external message.
Real Estate Agent,C,haus & haus JLT agent search,haus & haus,Real estate agent sourcing route,https://www.linkedin.com/search/results/people/?keywords=haus%20%26%20haus%20JLT%20real%20estate%20agent%20Dubai,,"LinkedIn people-search route, individual profile to select manually",Route,Research only. No outreach sent. Confirm profile before external message.
Real Estate Agent,C,haus & haus Arabian Ranches agent search,haus & haus,Real estate agent sourcing route,https://www.linkedin.com/search/results/people/?keywords=haus%20%26%20haus%20Arabian%20Ranches%20real%20estate%20agent%20Dubai,,"LinkedIn people-search route, individual profile to select manually",Route,Research only. No outreach sent. Confirm profile before external message.
Real Estate Agent,C,haus & haus Damac Hills agent search,haus & haus,Real estate agent sourcing route,https://www.linkedin.com/search/results/people/?keywords=haus%20%26%20haus%20Damac%20Hills%20real%20estate%20agent%20Dubai,,"LinkedIn people-search route, individual profile to select manually",Route,Research only. No outreach sent. Confirm profile before external message.
Real Estate Agent,C,haus & haus Bluewaters agent search,haus & haus,Real estate agent sourcing route,https://www.linkedin.com/search/results/people/?keywords=haus%20%26%20haus%20Bluewaters%20real%20estate%20agent%20Dubai,,"LinkedIn people-search route, individual profile to select manually",Route,Research only. No outreach sent. Confirm profile before external message.
Real Estate Agent,C,haus & haus Dubai Creek Harbour agent search,haus & haus,Real estate agent sourcing route,https://www.linkedin.com/search/results/people/?keywords=haus%20%26%20haus%20Dubai%20Creek%20Harbour%20real%20estate%20agent%20Dubai,,"LinkedIn people-search route, individual profile to select manually",Route,Research only. No outreach sent. Confirm profile before external message.
Holiday Home Operator,A,Aparts.ae,,Small operator target,https://www.linkedin.com/search/results/companies/?keywords=Aparts.ae%20holiday%20homes%20Dubai%20UAE,https://www.aparts.ae/,"Named from existing STR operator workbook, LinkedIn search route",Existing CRM,Research only. No outreach sent. Confirm profile before external message.
Holiday Home Operator,A,Avanza Vacations,,Small operator target,https://www.linkedin.com/search/results/companies/?keywords=Avanza%20Vacations%20holiday%20homes%20Dubai%20UAE,https://avanzavacations.com,"Named from existing STR operator workbook, LinkedIn search route",Existing CRM,Research only. No outreach sent. Confirm profile before external message.
Holiday Home Operator,A,BNW Vacation Homes,,Small operator target,https://www.linkedin.com/search/results/companies/?keywords=BNW%20Vacation%20Homes%20holiday%20homes%20Dubai%20UAE,https://bnwvacationhomes.com,"Named from existing STR operator workbook, LinkedIn search route",Existing CRM,Research only. No outreach sent. Confirm profile before external message.
Holiday Home Operator,A,DAIFY Holiday Homes,,Small operator target,https://www.linkedin.com/search/results/companies/?keywords=DAIFY%20Holiday%20Homes%20holiday%20homes%20Dubai%20UAE,https://www.daifyhomes.com/,"Named from existing STR operator workbook, LinkedIn search route",Existing CRM,Research only. No outreach sent. Confirm profile before external message.
Holiday Home Operator,A,Ethereal Living,,Small operator target,https://www.linkedin.com/search/results/companies/?keywords=Ethereal%20Living%20holiday%20homes%20Dubai%20UAE,https://etherealliving.net,"Named from existing STR operator workbook, LinkedIn search route",Existing CRM,Research only. No outreach sent. Confirm profile before external message.
Holiday Home Operator,A,Heaven Crest,,Small operator target,https://www.linkedin.com/search/results/companies/?keywords=Heaven%20Crest%20holiday%20homes%20Dubai%20UAE,https://heavencrest.ae,"Named from existing STR operator workbook, LinkedIn search route",Existing CRM,Research only. No outreach sent. Confirm profile before external message.
Holiday Home Operator,A,Lenor Vacation Homes,,Small operator target,https://www.linkedin.com/search/results/companies/?keywords=Lenor%20Vacation%20Homes%20holiday%20homes%20Dubai%20UAE,https://lenorholidayhomes.com,"Named from existing STR operator workbook, LinkedIn search route",Existing CRM,Research only. No outreach sent. Confirm profile before external message.
Holiday Home Operator,A,Mi Casa Holiday Homes,,Small operator target,https://www.linkedin.com/search/results/companies/?keywords=Mi%20Casa%20Holiday%20Homes%20holiday%20homes%20Dubai%20UAE,https://micasaholidayhomes.com,"Named from existing STR operator workbook, LinkedIn search route",Existing CRM,Research only. No outreach sent. Confirm profile before external message.
Holiday Home Operator,A,Oak Holidays,,Small operator target,https://www.linkedin.com/search/results/companies/?keywords=Oak%20Holidays%20holiday%20homes%20Dubai%20UAE,https://www.oakholidays.com/,"Named from existing STR operator workbook, LinkedIn search route",Existing CRM,Research only. No outreach sent. Confirm profile before external message.
Holiday Home Operator,A,PVH Dubai,,Small operator target,https://www.linkedin.com/search/results/companies/?keywords=PVH%20Dubai%20holiday%20homes%20Dubai%20UAE,https://pvhdubai.com,"Named from existing STR operator workbook, LinkedIn search route",Existing CRM,Research only. No outreach sent. Confirm profile before external message.
Holiday Home Operator,A,Quintessential Quarters,,Small operator target,https://www.linkedin.com/search/results/companies/?keywords=Quintessential%20Quarters%20holiday%20homes%20Dubai%20UAE,https://quintessentialquarters.com,"Named from existing STR operator workbook, LinkedIn search route",Existing CRM,Research only. No outreach sent. Confirm profile before external message.
Holiday Home Operator,A,Sapphire Stays,,Small operator target,https://www.linkedin.com/search/results/companies/?keywords=Sapphire%20Stays%20holiday%20homes%20Dubai%20UAE,https://sapphire-stays.com,"Named from existing STR operator workbook, LinkedIn search route",Existing CRM,Research only. No outreach sent. Confirm profile before external message.
Holiday Home Operator,A,Stayfinity,,Small operator target,https://www.linkedin.com/search/results/companies/?keywords=Stayfinity%20holiday%20homes%20Dubai%20UAE,https://www.stayfinity.ae/,"Named from existing STR operator workbook, LinkedIn search route",Existing CRM,Research only. No outreach sent. Confirm profile before external message.
Holiday Home Operator,A,Urban Dreams Hospitality,,Small operator target,https://www.linkedin.com/search/results/companies/?keywords=Urban%20Dreams%20Hospitality%20holiday%20homes%20Dubai%20UAE,https://www.urbandreamshospitality.com/,"Named from existing STR operator workbook, LinkedIn search route",Existing CRM,Research only. No outreach sent. Confirm profile before external message.
Holiday Home Operator,A,Amsterdam Group Stay,,Small non-Dubai operator,https://www.linkedin.com/search/results/companies/?keywords=Amsterdam%20Group%20Stay%20holiday%20homes%20Dubai%20UAE,https://amsterdamgroupstay.com,"Named from existing STR operator workbook, LinkedIn search route",Existing CRM,Research only. No outreach sent. Confirm profile before external message.
Holiday Home Operator,A,Jupiter Residences,,Small non-Dubai operator,https://www.linkedin.com/search/results/companies/?keywords=Jupiter%20Residences%20holiday%20homes%20Dubai%20UAE,https://www.jupiter-residences.com/,"Named from existing STR operator workbook, LinkedIn search route",Existing CRM,Research only. No outreach sent. Confirm profile before external message.
Holiday Home Operator,A,Elite Royal Apartments,,Medium operator,https://www.linkedin.com/search/results/companies/?keywords=Elite%20Royal%20Apartments%20holiday%20homes%20Dubai%20UAE,https://www.eliteroyalapartments.com/,"Named from existing STR operator workbook, LinkedIn search route",Existing CRM,Research only. No outreach sent. Confirm profile before external message.
Holiday Home Operator,A,Mint Stay,,Medium operator,https://www.linkedin.com/search/results/companies/?keywords=Mint%20Stay%20holiday%20homes%20Dubai%20UAE,https://themintstay.com,"Named from existing STR operator workbook, LinkedIn search route",Existing CRM,Research only. No outreach sent. Confirm profile before external message.
Holiday Home Operator,A,Zzzing,,Medium operator,https://www.linkedin.com/search/results/companies/?keywords=Zzzing%20holiday%20homes%20Dubai%20UAE,https://zzzing.com,"Named from existing STR operator workbook, LinkedIn search route",Existing CRM,Research only. No outreach sent. Confirm profile before external message.
Holiday Home Operator,A,CleanBnB,,Large operator/platform,https://www.linkedin.com/search/results/companies/?keywords=CleanBnB%20holiday%20homes%20Dubai%20UAE,https://cleanbnb.ae,"Named from existing STR operator workbook, LinkedIn search route",Existing CRM,Research only. No outreach sent. Confirm profile before external message.
Holiday Home Operator,A,First Class Holiday Homes,,Large operator,https://www.linkedin.com/search/results/companies/?keywords=First%20Class%20Holiday%20Homes%20holiday%20homes%20Dubai%20UAE,https://firstclass-dxb.com,"Named from existing STR operator workbook, LinkedIn search route",Existing CRM,Research only. No outreach sent. Confirm profile before external message.
Holiday Home Operator,A,GuestReady,,Large operator,https://www.linkedin.com/search/results/companies/?keywords=GuestReady%20holiday%20homes%20Dubai%20UAE,https://www.guestready.com,"Named from existing STR operator workbook, LinkedIn search route",Existing CRM,Research only. No outreach sent. Confirm profile before external message.
Holiday Home Operator,A,VayK,,Large operator,https://www.linkedin.com/search/results/companies/?keywords=VayK%20holiday%20homes%20Dubai%20UAE,https://vayk.ae,"Named from existing STR operator workbook, LinkedIn search route",Existing CRM,Research only. No outreach sent. Confirm profile before external message.
Holiday Home Operator,A,Agoda,,Non-operator/platform,https://www.linkedin.com/search/results/companies/?keywords=Agoda%20holiday%20homes%20Dubai%20UAE,https://www.agoda.com/,"Named from existing STR operator workbook, LinkedIn search route",Existing CRM,Research only. No outreach sent. Confirm profile before external message.
Holiday Home Operator,A,Dream Realty,,Non-operator/unclear,https://www.linkedin.com/search/results/companies/?keywords=Dream%20Realty%20holiday%20homes%20Dubai%20UAE,https://dreamrealty.com,"Named from existing STR operator workbook, LinkedIn search route",Existing CRM,Research only. No outreach sent. Confirm profile before external message.
Holiday Home Operator,A,Extent Team,,Non-operator,https://www.linkedin.com/search/results/companies/?keywords=Extent%20Team%20holiday%20homes%20Dubai%20UAE,unknown,"Named from existing STR operator workbook, LinkedIn search route",Existing CRM,Research only. No outreach sent. Confirm profile before external message.
Holiday Home Operator,A,Farwell & Gervase,,Non-operator/unclear,https://www.linkedin.com/search/results/companies/?keywords=Farwell%20%26%20Gervase%20holiday%20homes%20Dubai%20UAE,https://farwellandgervase.com,"Named from existing STR operator workbook, LinkedIn search route",Existing CRM,Research only. No outreach sent. Confirm profile before external message.
Holiday Home Operator,A,Gulf Target Holdings,,Non-operator/unclear,https://www.linkedin.com/search/results/companies/?keywords=Gulf%20Target%20Holdings%20holiday%20homes%20Dubai%20UAE,https://www.gulftarget.com,"Named from existing STR operator workbook, LinkedIn search route",Existing CRM,Research only. No outreach sent. Confirm profile before external message.
Holiday Home Operator,A,OMNIYAT,,Non-operator,https://www.linkedin.com/search/results/companies/?keywords=OMNIYAT%20holiday%20homes%20Dubai%20UAE,https://www.omniyat.com/,"Named from existing STR operator workbook, LinkedIn search route",Existing CRM,Research only. No outreach sent. Confirm profile before external message.
Holiday Home Operator,A,Short-Term Rental Club,,Non-operator/source,https://www.linkedin.com/search/results/companies/?keywords=Short-Term%20Rental%20Club%20holiday%20homes%20Dubai%20UAE,https://strclub.ae,"Named from existing STR operator workbook, LinkedIn search route",Existing CRM,Research only. No outreach sent. Confirm profile before external message.
Holiday Home Operator,B,Smith & Adams,,Non-operator/large real-estate manager,https://www.linkedin.com/search/results/companies/?keywords=Smith%20%26%20Adams%20holiday%20homes%20Dubai%20UAE,https://www.smithandadams.com/,"Named from existing STR operator workbook, LinkedIn search route",Existing CRM,Research only. No outreach sent. Confirm profile before external message.
Holiday Home Operator,B,Strategic Hospitality Services,,Non-operator,https://www.linkedin.com/search/results/companies/?keywords=Strategic%20Hospitality%20Services%20holiday%20homes%20Dubai%20UAE,https://www.shs.agency/,"Named from existing STR operator workbook, LinkedIn search route",Existing CRM,Research only. No outreach sent. Confirm profile before external message.
Holiday Home Operator,B,Strategy Cues,,Non-operator/competitor-adjacent,https://www.linkedin.com/search/results/companies/?keywords=Strategy%20Cues%20holiday%20homes%20Dubai%20UAE,https://strategycues.com,"Named from existing STR operator workbook, LinkedIn search route",Existing CRM,Research only. No outreach sent. Confirm profile before external message.
Holiday Home Operator,B,Dreamcation Realty,,Unknown / needs enrichment,https://www.linkedin.com/search/results/companies/?keywords=Dreamcation%20Realty%20holiday%20homes%20Dubai%20UAE,https://dreamcationrealty.com,"Named from existing STR operator workbook, LinkedIn search route",Existing CRM,Research only. No outreach sent. Confirm profile before external message.
Holiday Home Operator,B,Eco Holiday Homes,,Unknown / needs enrichment,https://www.linkedin.com/search/results/companies/?keywords=Eco%20Holiday%20Homes%20holiday%20homes%20Dubai%20UAE,https://ecoholidayhomes.com,"Named from existing STR operator workbook, LinkedIn search route",Existing CRM,Research only. No outreach sent. Confirm profile before external message.
Holiday Home Operator,B,Lutton Stay,,Unknown / needs enrichment,https://www.linkedin.com/search/results/companies/?keywords=Lutton%20Stay%20holiday%20homes%20Dubai%20UAE,https://luttonstay.com,"Named from existing STR operator workbook, LinkedIn search route",Existing CRM,Research only. No outreach sent. Confirm profile before external message.
Holiday Home Operator,B,Royal Holiday,,Unknown / needs enrichment,https://www.linkedin.com/search/results/companies/?keywords=Royal%20Holiday%20holiday%20homes%20Dubai%20UAE,http://royalholiday.ae,"Named from existing STR operator workbook, LinkedIn search route",Existing CRM,Research only. No outreach sent. Confirm profile before external message.
Holiday Home Operator,B,Unknown personal contact,,Unknown / needs enrichment,https://www.linkedin.com/search/results/companies/?keywords=Unknown%20personal%20contact%20holiday%20homes%20Dubai%20UAE,,"Named from existing STR operator workbook, LinkedIn search route",Existing CRM,Research only. No outreach sent. Confirm profile before external message.
Holiday Home Operator,B,Frank Porter,,Holiday-home operator,https://www.linkedin.com/search/results/companies/?keywords=Frank%20Porter%20Dubai%20UAE,,"Named seed, LinkedIn company search route",Route,Research only. No outreach sent. Confirm profile before external message.
Holiday Home Operator,B,Deluxe Holiday Homes,,Holiday-home operator,https://www.linkedin.com/search/results/companies/?keywords=Deluxe%20Holiday%20Homes%20Dubai%20UAE,,"Named seed, LinkedIn company search route",Route,Research only. No outreach sent. Confirm profile before external message.
Holiday Home Operator,B,bnbme Holiday Homes,,Holiday-home operator,https://www.linkedin.com/search/results/companies/?keywords=bnbme%20Holiday%20Homes%20Dubai%20UAE,,"Named seed, LinkedIn company search route",Route,Research only. No outreach sent. Confirm profile before external message.
Holiday Home Operator,B,Maison Privee,,Holiday-home operator,https://www.linkedin.com/search/results/companies/?keywords=Maison%20Privee%20Dubai%20UAE,,"Named seed, LinkedIn company search route",Route,Research only. No outreach sent. Confirm profile before external message.
Holiday Home Operator,B,Dream Inn Dubai,,Holiday-home operator,https://www.linkedin.com/search/results/companies/?keywords=Dream%20Inn%20Dubai%20Dubai%20UAE,,"Named seed, LinkedIn company search route",Route,Research only. No outreach sent. Confirm profile before external message.
Holiday Home Operator,B,Silkhaus,,Holiday-home operator,https://www.linkedin.com/search/results/companies/?keywords=Silkhaus%20Dubai%20UAE,,"Named seed, LinkedIn company search route",Route,Research only. No outreach sent. Confirm profile before external message.
Holiday Home Operator,B,Blueground Dubai,,Holiday-home operator,https://www.linkedin.com/search/results/companies/?keywords=Blueground%20Dubai%20Dubai%20UAE,,"Named seed, LinkedIn company search route",Route,Research only. No outreach sent. Confirm profile before external message.
Holiday Home Operator,B,Kennedy Towers,,Holiday-home operator,https://www.linkedin.com/search/results/companies/?keywords=Kennedy%20Towers%20Dubai%20UAE,,"Named seed, LinkedIn company search route",Route,Research only. No outreach sent. Confirm profile before external message.
Holiday Home Operator,B,Keysplease Holiday Homes,,Holiday-home operator,https://www.linkedin.com/search/results/companies/?keywords=Keysplease%20Holiday%20Homes%20Dubai%20UAE,,"Named seed, LinkedIn company search route",Route,Research only. No outreach sent. Confirm profile before external message.
Holiday Home Operator,B,HiGuests,,Holiday-home operator,https://www.linkedin.com/search/results/companies/?keywords=HiGuests%20Dubai%20UAE,,"Named seed, LinkedIn company search route",Route,Research only. No outreach sent. Confirm profile before external message.
Holiday Home Operator,B,Staycae Holiday Homes,,Holiday-home operator,https://www.linkedin.com/search/results/companies/?keywords=Staycae%20Holiday%20Homes%20Dubai%20UAE,,"Named seed, LinkedIn company search route",Route,Research only. No outreach sent. Confirm profile before external message.
Holiday Home Operator,B,Vacationer Dubai,,Holiday-home operator,https://www.linkedin.com/search/results/companies/?keywords=Vacationer%20Dubai%20Dubai%20UAE,,"Named seed, LinkedIn company search route",Route,Research only. No outreach sent. Confirm profile before external message.
Holiday Home Operator,B,Nasma Luxury Stays,,Holiday-home operator,https://www.linkedin.com/search/results/companies/?keywords=Nasma%20Luxury%20Stays%20Dubai%20UAE,,"Named seed, LinkedIn company search route",Route,Research only. No outreach sent. Confirm profile before external message.
Holiday Home Operator,B,Maison Privee Holiday Homes,,Holiday-home operator,https://www.linkedin.com/search/results/companies/?keywords=Maison%20Privee%20Holiday%20Homes%20Dubai%20UAE,,"Named seed, LinkedIn company search route",Route,Research only. No outreach sent. Confirm profile before external message.
Holiday Home Operator,B,Luxe Holiday Homes,,Holiday-home operator,https://www.linkedin.com/search/results/companies/?keywords=Luxe%20Holiday%20Homes%20Dubai%20UAE,,"Named seed, LinkedIn company search route",Route,Research only. No outreach sent. Confirm profile before external message.
Holiday Home Operator,B,Stella Stays,,Holiday-home operator,https://www.linkedin.com/search/results/companies/?keywords=Stella%20Stays%20Dubai%20UAE,,"Named seed, LinkedIn company search route",Route,Research only. No outreach sent. Confirm profile before external message.
Holiday Home Operator,B,AirDXB,,Holiday-home operator,https://www.linkedin.com/search/results/companies/?keywords=AirDXB%20Dubai%20UAE,,"Named seed, LinkedIn company search route",Route,Research only. No outreach sent. Confirm profile before external message.
Holiday Home Operator,B,Ahlan Holiday Homes,,Holiday-home operator,https://www.linkedin.com/search/results/companies/?keywords=Ahlan%20Holiday%20Homes%20Dubai%20UAE,,"Named seed, LinkedIn company search route",Route,Research only. No outreach sent. Confirm profile before external message.
Holiday Home Operator,B,Trinity Holiday Homes,,Holiday-home operator,https://www.linkedin.com/search/results/companies/?keywords=Trinity%20Holiday%20Homes%20Dubai%20UAE,,"Named seed, LinkedIn company search route",Route,Research only. No outreach sent. Confirm profile before external message.
Holiday Home Operator,B,Bespoke Residences,,Holiday-home operator,https://www.linkedin.com/search/results/companies/?keywords=Bespoke%20Residences%20Dubai%20UAE,,"Named seed, LinkedIn company search route",Route,Research only. No outreach sent. Confirm profile before external message.
Holiday Home Operator,B,Fantastay,,Holiday-home operator,https://www.linkedin.com/search/results/companies/?keywords=Fantastay%20Dubai%20UAE,,"Named seed, LinkedIn company search route",Route,Research only. No outreach sent. Confirm profile before external message.
Holiday Home Operator,B,Maison De Luxe Holiday Homes,,Holiday-home operator,https://www.linkedin.com/search/results/companies/?keywords=Maison%20De%20Luxe%20Holiday%20Homes%20Dubai%20UAE,,"Named seed, LinkedIn company search route",Route,Research only. No outreach sent. Confirm profile before external message.
Holiday Home Operator,B,One Perfect Stay,,Holiday-home operator,https://www.linkedin.com/search/results/companies/?keywords=One%20Perfect%20Stay%20Dubai%20UAE,,"Named seed, LinkedIn company search route",Route,Research only. No outreach sent. Confirm profile before external message.
Holiday Home Operator,B,OYO Vacation Homes UAE,,Holiday-home operator,https://www.linkedin.com/search/results/companies/?keywords=OYO%20Vacation%20Homes%20UAE%20Dubai%20UAE,,"Named seed, LinkedIn company search route",Route,Research only. No outreach sent. Confirm profile before external message.
Holiday Home Operator,B,Kennedy Property,,Holiday-home operator,https://www.linkedin.com/search/results/companies/?keywords=Kennedy%20Property%20Dubai%20UAE,,"Named seed, LinkedIn company search route",Route,Research only. No outreach sent. Confirm profile before external message.
Holiday Home Operator,B,Elite Royal Apartment,,Holiday-home operator,https://www.linkedin.com/search/results/companies/?keywords=Elite%20Royal%20Apartment%20Dubai%20UAE,,"Named seed, LinkedIn company search route",Route,Research only. No outreach sent. Confirm profile before external message.
Holiday Home Operator,B,GuestReady Dubai,,Holiday-home operator,https://www.linkedin.com/search/results/companies/?keywords=GuestReady%20Dubai%20Dubai%20UAE,,"Named seed, LinkedIn company search route",Route,Research only. No outreach sent. Confirm profile before external message.
Holiday Home Operator,B,Staycae,,Holiday-home operator,https://www.linkedin.com/search/results/companies/?keywords=Staycae%20Dubai%20UAE,,"Named seed, LinkedIn company search route",Route,Research only. No outreach sent. Confirm profile before external message.
Holiday Home Operator,B,Stay Holiday Homes,,Holiday-home operator,https://www.linkedin.com/search/results/companies/?keywords=Stay%20Holiday%20Homes%20Dubai%20UAE,,"Named seed, LinkedIn company search route",Route,Research only. No outreach sent. Confirm profile before external message.
Holiday Home Operator,B,Yanjoon Holiday Homes,,Holiday-home operator,https://www.linkedin.com/search/results/companies/?keywords=Yanjoon%20Holiday%20Homes%20Dubai%20UAE,,"Named seed, LinkedIn company search route",Route,Research only. No outreach sent. Confirm profile before external message.
Holiday Home Operator,B,Qstay,,Holiday-home operator,https://www.linkedin.com/search/results/companies/?keywords=Qstay%20Dubai%20UAE,,"Named seed, LinkedIn company search route",Route,Research only. No outreach sent. Confirm profile before external message.
Holiday Home Operator,B,Westminster Holiday Homes,,Holiday-home operator,https://www.linkedin.com/search/results/companies/?keywords=Westminster%20Holiday%20Homes%20Dubai%20UAE,,"Named seed, LinkedIn company search route",Route,Research only. No outreach sent. Confirm profile before external message.
Holiday Home Operator,C,Dream Inn Holiday Homes,,Holiday-home operator,https://www.linkedin.com/search/results/companies/?keywords=Dream%20Inn%20Holiday%20Homes%20Dubai%20UAE,,"Named seed, LinkedIn company search route",Route,Research only. No outreach sent. Confirm profile before external message.
Holiday Home Operator,C,Key View,,Holiday-home operator,https://www.linkedin.com/search/results/companies/?keywords=Key%20View%20Dubai%20UAE,,"Named seed, LinkedIn company search route",Route,Research only. No outreach sent. Confirm profile before external message.
Holiday Home Operator,C,SuperHost Vacation Homes,,Holiday-home operator,https://www.linkedin.com/search/results/companies/?keywords=SuperHost%20Vacation%20Homes%20Dubai%20UAE,,"Named seed, LinkedIn company search route",Route,Research only. No outreach sent. Confirm profile before external message.
Holiday Home Operator,C,Cloud Nine Vacation Homes,,Holiday-home operator,https://www.linkedin.com/search/results/companies/?keywords=Cloud%20Nine%20Vacation%20Homes%20Dubai%20UAE,,"Named seed, LinkedIn company search route",Route,Research only. No outreach sent. Confirm profile before external message.
Holiday Home Operator,C,Happy Stay Holiday Homes,,Holiday-home operator,https://www.linkedin.com/search/results/companies/?keywords=Happy%20Stay%20Holiday%20Homes%20Dubai%20UAE,,"Named seed, LinkedIn company search route",Route,Research only. No outreach sent. Confirm profile before external message.
Holiday Home Operator,C,Hometown Holiday Homes,,Holiday-home operator,https://www.linkedin.com/search/results/companies/?keywords=Hometown%20Holiday%20Homes%20Dubai%20UAE,,"Named seed, LinkedIn company search route",Route,Research only. No outreach sent. Confirm profile before external message.
Holiday Home Operator,C,Like Home Vacation Homes,,Holiday-home operator,https://www.linkedin.com/search/results/companies/?keywords=Like%20Home%20Vacation%20Homes%20Dubai%20UAE,,"Named seed, LinkedIn company search route",Route,Research only. No outreach sent. Confirm profile before external message.
Holiday Home Operator,C,Elite LUX Holiday Homes,,Holiday-home operator,https://www.linkedin.com/search/results/companies/?keywords=Elite%20LUX%20Holiday%20Homes%20Dubai%20UAE,,"Named seed, LinkedIn company search route",Route,Research only. No outreach sent. Confirm profile before external message.
Holiday Home Operator,C,Iconic Holiday Homes,,Holiday-home operator,https://www.linkedin.com/search/results/companies/?keywords=Iconic%20Holiday%20Homes%20Dubai%20UAE,,"Named seed, LinkedIn company search route",Route,Research only. No outreach sent. Confirm profile before external message.
Holiday Home Operator,C,Primestay,,Holiday-home operator,https://www.linkedin.com/search/results/companies/?keywords=Primestay%20Dubai%20UAE,,"Named seed, LinkedIn company search route",Route,Research only. No outreach sent. Confirm profile before external message.
Holiday Home Operator,C,SmartStay Holiday Homes,,Holiday-home operator,https://www.linkedin.com/search/results/companies/?keywords=SmartStay%20Holiday%20Homes%20Dubai%20UAE,,"Named seed, LinkedIn company search route",Route,Research only. No outreach sent. Confirm profile before external message.
Holiday Home Operator,C,Royal Holiday Homes Dubai,,Holiday-home operator,https://www.linkedin.com/search/results/companies/?keywords=Royal%20Holiday%20Homes%20Dubai%20Dubai%20UAE,,"Named seed, LinkedIn company search route",Route,Research only. No outreach sent. Confirm profile before external message.
Holiday Home Operator,C,Rove Travel Holiday Homes,,Holiday-home operator,https://www.linkedin.com/search/results/companies/?keywords=Rove%20Travel%20Holiday%20Homes%20Dubai%20UAE,,"Named seed, LinkedIn company search route",Route,Research only. No outreach sent. Confirm profile before external message.
Holiday Home Operator,C,Golden Stay Vacation Homes,,Holiday-home operator,https://www.linkedin.com/search/results/companies/?keywords=Golden%20Stay%20Vacation%20Homes%20Dubai%20UAE,,"Named seed, LinkedIn company search route",Route,Research only. No outreach sent. Confirm profile before external message.
Holiday Home Operator,C,Arabian Holidays,,Holiday-home operator,https://www.linkedin.com/search/results/companies/?keywords=Arabian%20Holidays%20Dubai%20UAE,,"Named seed, LinkedIn company search route",Route,Research only. No outreach sent. Confirm profile before external message.
Holiday Home Operator,C,Dubai Vacation Homes,,Holiday-home operator,https://www.linkedin.com/search/results/companies/?keywords=Dubai%20Vacation%20Homes%20Dubai%20UAE,,"Named seed, LinkedIn company search route",Route,Research only. No outreach sent. Confirm profile before external message.
Holiday Home Operator,C,Signature Holiday Homes,,Holiday-home operator,https://www.linkedin.com/search/results/companies/?keywords=Signature%20Holiday%20Homes%20Dubai%20UAE,,"Named seed, LinkedIn company search route",Route,Research only. No outreach sent. Confirm profile before external message.
Holiday Home Operator,C,Luxury Explorers,,Holiday-home operator,https://www.linkedin.com/search/results/companies/?keywords=Luxury%20Explorers%20Dubai%20UAE,,"Named seed, LinkedIn company search route",Route,Research only. No outreach sent. Confirm profile before external message.
Holiday Home Operator,C,Two Continents Holiday Homes,,Holiday-home operator,https://www.linkedin.com/search/results/companies/?keywords=Two%20Continents%20Holiday%20Homes%20Dubai%20UAE,,"Named seed, LinkedIn company search route",Route,Research only. No outreach sent. Confirm profile before external message.
Holiday Home Operator,C,Fäm Living,,Holiday-home operator,https://www.linkedin.com/search/results/companies/?keywords=F%C3%A4m%20Living%20Dubai%20UAE,,"Named seed, LinkedIn company search route",Route,Research only. No outreach sent. Confirm profile before external message.
Holiday Home Operator,C,Harmony Vacation Homes,,Holiday-home operator,https://www.linkedin.com/search/results/companies/?keywords=Harmony%20Vacation%20Homes%20Dubai%20UAE,,"Named seed, LinkedIn company search route",Route,Research only. No outreach sent. Confirm profile before external message.
Holiday Home Operator,C,Mira Holiday Homes,,Holiday-home operator,https://www.linkedin.com/search/results/companies/?keywords=Mira%20Holiday%20Homes%20Dubai%20UAE,,"Named seed, LinkedIn company search route",Route,Research only. No outreach sent. Confirm profile before external message.
Holiday Home Operator,C,EasyGo Holiday Homes,,Holiday-home operator,https://www.linkedin.com/search/results/companies/?keywords=EasyGo%20Holiday%20Homes%20Dubai%20UAE,,"Named seed, LinkedIn company search route",Route,Research only. No outreach sent. Confirm profile before external message.
Holiday Home Operator,C,Manzil Holiday Homes,,Holiday-home operator,https://www.linkedin.com/search/results/companies/?keywords=Manzil%20Holiday%20Homes%20Dubai%20UAE,,"Named seed, LinkedIn company search route",Route,Research only. No outreach sent. Confirm profile before external message.
Holiday Home Operator,C,Driven Holiday Homes,,Holiday-home operator,https://www.linkedin.com/search/results/companies/?keywords=Driven%20Holiday%20Homes%20Dubai%20UAE,,"Named seed, LinkedIn company search route",Route,Research only. No outreach sent. Confirm profile before external message.
Holiday Home Operator,C,Emaar Hospitality short stay,,Holiday-home operator,https://www.linkedin.com/search/results/companies/?keywords=Emaar%20Hospitality%20short%20stay%20Dubai%20UAE,,"Named seed, LinkedIn company search route",Route,Research only. No outreach sent. Confirm profile before external message.
Holiday Home Operator,C,Aliving Luxury Homes,,Holiday-home operator,https://www.linkedin.com/search/results/companies/?keywords=Aliving%20Luxury%20Homes%20Dubai%20UAE,,"Named seed, LinkedIn company search route",Route,Research only. No outreach sent. Confirm profile before external message.
Holiday Home Operator,C,Nexus Holiday Homes,,Holiday-home operator,https://www.linkedin.com/search/results/companies/?keywords=Nexus%20Holiday%20Homes%20Dubai%20UAE,,"Named seed, LinkedIn company search route",Route,Research only. No outreach sent. Confirm profile before external message.
Holiday Home Operator,C,DHH Holiday Homes,,Holiday-home operator,https://www.linkedin.com/search/results/companies/?keywords=DHH%20Holiday%20Homes%20Dubai%20UAE,,"Named seed, LinkedIn company search route",Route,Research only. No outreach sent. Confirm profile before external message.
Holiday Home Operator,C,KeyHost Holiday Homes,,Holiday-home operator,https://www.linkedin.com/search/results/companies/?keywords=KeyHost%20Holiday%20Homes%20Dubai%20UAE,,"Named seed, LinkedIn company search route",Route,Research only. No outreach sent. Confirm profile before external message.
